,time,washer,dryer,ev,misc,dish,kitchen,ac,water,total
0,0,0,0,0.0,1.5,0.0,0,23,1,25.5
1,1,0,0,0.0,1.5,0.0,0,23,1,25.5
2,2,0,0,0.0,1.5,0.0,0,23,1,25.5
3,3,0,0,0.0,1.5,0.0,0,23,1,25.5
4,4,0,0,0.0,1.5,0.0,0,23,1,25.5
5,5,0,0,0.0,1.5,0.0,0,23,1,25.5
6,6,0,0,0.0,1.5,0.0,0,23,1,25.5
7,7,0,0,0.0,1.5,0.0,0,23,1,25.5
8,8,0,0,0.0,1.5,0.0,0,23,1,25.5
9,9,0,0,0.0,1.5,0.0,0,23,1,25.5
10,10,0,0,0.0,1.5,0.0,0,23,1,25.5
11,11,0,0,0.0,1.5,0.0,0,23,1,25.5
12,12,0,0,0.0,1.5,0.0,0,23,1,25.5
13,13,0,0,0.0,1.5,0.0,0,23,1,25.5
14,14,0,0,0.0,1.5,0.0,0,23,1,25.5
15,15,0,0,0.0,1.5,0.0,0,23,1,25.5
16,16,0,0,0.0,1.5,0.0,0,23,1,25.5
17,17,0,0,0.0,1.5,0.0,0,23,1,25.5
18,18,0,0,0.0,1.5,0.0,0,23,1,25.5
19,19,0,0,0.0,1.5,0.0,0,23,1,25.5
20,20,0,0,0.0,1.5,0.0,0,23,1,25.5
21,21,0,0,0.0,1.5,0.0,0,23,1,25.5
22,22,0,0,0.0,1.5,0.0,0,23,1,25.5
23,23,0,0,0.0,1.5,0.0,0,23,1,25.5
24,24,0,0,0.0,1.5,0.0,0,23,1,25.5
25,25,0,0,0.0,1.5,0.0,0,23,1,25.5
26,26,0,0,0.0,1.5,0.0,0,23,1,25.5
27,27,0,0,0.0,1.5,0.0,0,23,1,25.5
28,28,0,0,0.0,1.5,0.0,0,23,1,25.5
29,29,0,0,0.0,1.5,0.0,0,23,1,25.5
30,30,0,0,0.0,1.5,0.0,0,2,1,4.5
31,31,0,0,0.0,1.5,0.0,0,2,1,4.5
32,32,0,0,0.0,1.5,0.0,0,2,1,4.5
33,33,0,0,0.0,1.5,0.0,0,2,1,4.5
34,34,0,0,0.0,1.5,0.0,0,2,1,4.5
35,35,0,0,0.0,1.5,0.0,0,2,1,4.5
36,36,0,0,0.0,1.5,0.0,0,2,1,4.5
37,37,0,0,0.0,1.5,0.0,0,2,1,4.5
38,38,0,0,0.0,1.5,0.0,0,2,1,4.5
39,39,0,0,0.0,1.5,0.0,0,2,1,4.5
40,40,0,0,0.0,1.5,0.0,0,2,1,4.5
41,41,0,0,0.0,1.5,0.0,0,2,1,4.5
42,42,0,0,0.0,1.5,0.0,0,2,1,4.5
43,43,0,0,0.0,1.5,0.0,0,2,1,4.5
44,44,0,0,0.0,1.5,0.0,0,2,1,4.5
45,45,0,0,0.0,1.5,0.0,0,2,1,4.5
46,46,0,0,0.0,1.5,0.0,0,2,1,4.5
47,47,0,0,0.0,1.5,0.0,0,2,1,4.5
48,48,0,0,0.0,1.5,0.0,0,2,1,4.5
49,49,0,0,0.0,1.5,0.0,0,2,1,4.5
50,50,0,0,0.0,1.5,0.0,0,2,1,4.5
51,51,0,0,0.0,1.5,0.0,0,2,1,4.5
52,52,0,0,0.0,1.5,0.0,0,2,1,4.5
53,53,0,0,0.0,1.5,0.0,0,2,1,4.5
54,54,0,0,0.0,1.5,0.0,0,2,1,4.5
55,55,0,0,0.0,1.5,0.0,0,2,1,4.5
56,56,0,0,0.0,1.5,0.0,0,2,1,4.5
57,57,0,0,0.0,1.5,0.0,0,2,1,4.5
58,58,0,0,0.0,1.5,0.0,0,2,1,4.5
59,59,0,0,0.0,1.5,0.0,0,2,1,4.5
60,60,0,0,0.0,1.5,0.0,0,23,1,25.5
61,61,0,0,0.0,1.5,0.0,0,23,1,25.5
62,62,0,0,0.0,1.5,0.0,0,23,1,25.5
63,63,0,0,0.0,1.5,0.0,0,23,1,25.5
64,64,0,0,0.0,1.5,0.0,0,23,1,25.5
65,65,0,0,0.0,1.5,0.0,0,23,1,25.5
66,66,0,0,0.0,1.5,0.0,0,23,1,25.5
67,67,0,0,0.0,1.5,0.0,0,23,1,25.5
68,68,0,0,0.0,1.5,0.0,0,23,1,25.5
69,69,0,0,0.0,1.5,0.0,0,23,1,25.5
70,70,0,0,0.0,1.5,0.0,0,23,1,25.5
71,71,0,0,0.0,1.5,0.0,0,23,1,25.5
72,72,0,0,0.0,1.5,0.0,0,23,1,25.5
73,73,0,0,0.0,1.5,0.0,0,23,1,25.5
74,74,0,0,0.0,1.5,0.0,0,23,1,25.5
75,75,0,0,0.0,1.5,0.0,0,23,1,25.5
76,76,0,0,0.0,1.5,0.0,0,23,1,25.5
77,77,0,0,0.0,1.5,0.0,0,23,1,25.5
78,78,0,0,0.0,1.5,0.0,0,23,1,25.5
79,79,0,0,0.0,1.5,0.0,0,23,1,25.5
80,80,0,0,0.0,1.5,0.0,0,23,1,25.5
81,81,0,0,0.0,1.5,0.0,0,23,1,25.5
82,82,0,0,0.0,1.5,0.0,0,23,1,25.5
83,83,0,0,0.0,1.5,0.0,0,23,1,25.5
84,84,0,0,0.0,1.5,0.0,0,23,1,25.5
85,85,0,0,0.0,1.5,0.0,0,23,1,25.5
86,86,0,0,0.0,1.5,0.0,0,23,1,25.5
87,87,0,0,0.0,1.5,0.0,0,23,1,25.5
88,88,0,0,0.0,1.5,0.0,0,23,1,25.5
89,89,0,0,0.0,1.5,0.0,0,23,1,25.5
90,90,0,0,0.0,1.5,0.0,0,2,1,4.5
91,91,0,0,0.0,1.5,0.0,0,2,1,4.5
92,92,0,0,0.0,1.5,0.0,0,2,1,4.5
93,93,0,0,0.0,1.5,0.0,0,2,1,4.5
94,94,0,0,0.0,1.5,0.0,0,2,1,4.5
95,95,0,0,0.0,1.5,0.0,0,2,1,4.5
96,96,0,0,0.0,1.5,0.0,0,2,1,4.5
97,97,0,0,0.0,1.5,0.0,0,2,1,4.5
98,98,0,0,0.0,1.5,0.0,0,2,1,4.5
99,99,0,0,0.0,1.5,0.0,0,2,1,4.5
100,100,0,0,0.0,1.5,0.0,0,2,1,4.5
101,101,0,0,0.0,1.5,0.0,0,2,1,4.5
102,102,0,0,0.0,1.5,0.0,0,2,1,4.5
103,103,0,0,0.0,1.5,0.0,0,2,1,4.5
104,104,0,0,0.0,1.5,0.0,0,2,1,4.5
105,105,0,0,0.0,1.5,0.0,0,2,1,4.5
106,106,0,0,0.0,1.5,0.0,0,2,1,4.5
107,107,0,0,0.0,1.5,0.0,0,2,1,4.5
108,108,0,0,0.0,1.5,0.0,0,2,1,4.5
109,109,0,0,0.0,1.5,0.0,0,2,1,4.5
110,110,0,0,0.0,1.5,0.0,0,2,1,4.5
111,111,0,0,0.0,1.5,0.0,0,2,1,4.5
112,112,0,0,0.0,1.5,0.0,0,2,1,4.5
113,113,0,0,0.0,1.5,0.0,0,2,1,4.5
114,114,0,0,0.0,1.5,0.0,0,2,1,4.5
115,115,0,0,0.0,1.5,0.0,0,2,1,4.5
116,116,0,0,0.0,1.5,0.0,0,2,1,4.5
117,117,0,0,0.0,1.5,0.0,0,2,1,4.5
118,118,0,0,0.0,1.5,0.0,0,2,1,4.5
119,119,0,0,0.0,1.5,0.0,0,2,1,4.5
120,120,0,0,0.0,1.5,0.0,0,23,1,25.5
121,121,0,0,0.0,1.5,0.0,0,23,1,25.5
122,122,0,0,0.0,1.5,0.0,0,23,1,25.5
123,123,0,0,0.0,1.5,0.0,0,23,1,25.5
124,124,0,0,0.0,1.5,0.0,0,23,1,25.5
125,125,0,0,0.0,1.5,0.0,0,23,1,25.5
126,126,0,0,0.0,1.5,0.0,0,23,1,25.5
127,127,0,0,0.0,1.5,0.0,0,23,1,25.5
128,128,0,0,0.0,1.5,0.0,0,23,1,25.5
129,129,0,0,0.0,1.5,0.0,0,23,1,25.5
130,130,0,0,0.0,1.5,0.0,0,23,1,25.5
131,131,0,0,0.0,1.5,0.0,0,23,1,25.5
132,132,0,0,0.0,1.5,0.0,0,23,1,25.5
133,133,0,0,0.0,1.5,0.0,0,23,1,25.5
134,134,0,0,0.0,1.5,0.0,0,23,1,25.5
135,135,0,0,0.0,1.5,0.0,0,23,1,25.5
136,136,0,0,0.0,1.5,0.0,0,23,1,25.5
137,137,0,0,0.0,1.5,0.0,0,23,1,25.5
138,138,0,0,0.0,1.5,0.0,0,23,1,25.5
139,139,0,0,0.0,1.5,0.0,0,23,1,25.5
140,140,0,0,0.0,1.5,0.0,0,23,1,25.5
141,141,0,0,0.0,1.5,0.0,0,23,1,25.5
142,142,0,0,0.0,1.5,0.0,0,23,1,25.5
143,143,0,0,0.0,1.5,0.0,0,23,1,25.5
144,144,0,0,0.0,1.5,0.0,0,23,1,25.5
145,145,0,0,0.0,1.5,0.0,0,23,1,25.5
146,146,0,0,0.0,1.5,0.0,0,23,1,25.5
147,147,0,0,0.0,1.5,0.0,0,23,1,25.5
148,148,0,0,0.0,1.5,0.0,0,23,1,25.5
149,149,0,0,0.0,1.5,0.0,0,23,1,25.5
150,150,0,0,0.0,1.5,0.0,0,2,1,4.5
151,151,0,0,0.0,1.5,0.0,0,2,1,4.5
152,152,0,0,0.0,1.5,0.0,0,2,1,4.5
153,153,0,0,0.0,1.5,0.0,0,2,1,4.5
154,154,0,0,0.0,1.5,0.0,0,2,1,4.5
155,155,0,0,0.0,1.5,0.0,0,2,1,4.5
156,156,0,0,0.0,1.5,0.0,0,2,1,4.5
157,157,0,0,0.0,1.5,0.0,0,2,1,4.5
158,158,0,0,0.0,1.5,0.0,0,2,1,4.5
159,159,0,0,0.0,1.5,0.0,0,2,1,4.5
160,160,0,0,0.0,1.5,0.0,0,2,1,4.5
161,161,0,0,0.0,1.5,0.0,0,2,1,4.5
162,162,0,0,0.0,1.5,0.0,0,2,1,4.5
163,163,0,0,0.0,1.5,0.0,0,2,1,4.5
164,164,0,0,0.0,1.5,0.0,0,2,1,4.5
165,165,0,0,0.0,1.5,0.0,0,2,1,4.5
166,166,0,0,0.0,1.5,0.0,0,2,1,4.5
167,167,0,0,0.0,1.5,0.0,0,2,1,4.5
168,168,0,0,0.0,1.5,0.0,0,2,1,4.5
169,169,0,0,0.0,1.5,0.0,0,2,1,4.5
170,170,0,0,0.0,1.5,0.0,0,2,1,4.5
171,171,0,0,0.0,1.5,0.0,0,2,1,4.5
172,172,0,0,0.0,1.5,0.0,0,2,1,4.5
173,173,0,0,0.0,1.5,0.0,0,2,1,4.5
174,174,0,0,0.0,1.5,0.0,0,2,1,4.5
175,175,0,0,0.0,1.5,0.0,0,2,1,4.5
176,176,0,0,0.0,1.5,0.0,0,2,1,4.5
177,177,0,0,0.0,1.5,0.0,0,2,1,4.5
178,178,0,0,0.0,1.5,0.0,0,2,1,4.5
179,179,0,0,0.0,1.5,0.0,0,2,1,4.5
180,180,0,0,0.0,1.5,0.0,0,23,1,25.5
181,181,0,0,0.0,1.5,0.0,0,23,1,25.5
182,182,0,0,0.0,1.5,0.0,0,23,1,25.5
183,183,0,0,0.0,1.5,0.0,0,23,1,25.5
184,184,0,0,0.0,1.5,0.0,0,23,1,25.5
185,185,0,0,0.0,1.5,0.0,0,23,1,25.5
186,186,0,0,0.0,1.5,0.0,0,23,1,25.5
187,187,0,0,0.0,1.5,0.0,0,23,1,25.5
188,188,0,0,0.0,1.5,0.0,0,23,1,25.5
189,189,0,0,0.0,1.5,0.0,0,23,1,25.5
190,190,0,0,0.0,1.5,0.0,0,23,1,25.5
191,191,0,0,0.0,1.5,0.0,0,23,1,25.5
192,192,0,0,0.0,1.5,0.0,0,23,1,25.5
193,193,0,0,0.0,1.5,0.0,0,23,1,25.5
194,194,0,0,0.0,1.5,0.0,0,23,1,25.5
195,195,0,0,0.0,1.5,0.0,0,23,1,25.5
196,196,0,0,0.0,1.5,0.0,0,23,1,25.5
197,197,0,0,0.0,1.5,0.0,0,23,1,25.5
198,198,0,0,0.0,1.5,0.0,0,23,1,25.5
199,199,0,0,0.0,1.5,0.0,0,23,1,25.5
200,200,0,0,0.0,1.5,0.0,0,23,1,25.5
201,201,0,0,0.0,1.5,0.0,0,23,1,25.5
202,202,0,0,0.0,1.5,0.0,0,23,1,25.5
203,203,0,0,0.0,1.5,0.0,0,23,1,25.5
204,204,0,0,0.0,1.5,0.0,0,23,1,25.5
205,205,0,0,0.0,1.5,0.0,0,23,1,25.5
206,206,0,0,0.0,1.5,0.0,0,23,1,25.5
207,207,0,0,0.0,1.5,0.0,0,23,1,25.5
208,208,0,0,0.0,1.5,0.0,0,23,1,25.5
209,209,0,0,0.0,1.5,0.0,0,23,1,25.5
210,210,0,0,0.0,1.5,0.0,0,2,1,4.5
211,211,0,0,0.0,1.5,0.0,0,2,1,4.5
212,212,0,0,0.0,1.5,0.0,0,2,1,4.5
213,213,0,0,0.0,1.5,0.0,0,2,1,4.5
214,214,0,0,0.0,1.5,0.0,0,2,1,4.5
215,215,0,0,0.0,1.5,0.0,0,2,1,4.5
216,216,0,0,0.0,1.5,0.0,0,2,1,4.5
217,217,0,0,0.0,1.5,0.0,0,2,1,4.5
218,218,0,0,0.0,1.5,0.0,0,2,1,4.5
219,219,0,0,0.0,1.5,0.0,0,2,1,4.5
220,220,0,0,0.0,1.5,0.0,0,2,1,4.5
221,221,0,0,0.0,1.5,0.0,0,2,1,4.5
222,222,0,0,0.0,1.5,0.0,0,2,1,4.5
223,223,0,0,0.0,1.5,0.0,0,2,1,4.5
224,224,0,0,0.0,1.5,0.0,0,2,1,4.5
225,225,0,0,0.0,1.5,0.0,0,2,1,4.5
226,226,0,0,0.0,1.5,0.0,0,2,1,4.5
227,227,0,0,0.0,1.5,0.0,0,2,1,4.5
228,228,0,0,0.0,1.5,0.0,0,2,1,4.5
229,229,0,0,0.0,1.5,0.0,0,2,1,4.5
230,230,0,0,0.0,1.5,0.0,0,2,1,4.5
231,231,0,0,0.0,1.5,0.0,0,2,1,4.5
232,232,0,0,0.0,1.5,0.0,0,2,1,4.5
233,233,0,0,0.0,1.5,0.0,0,2,1,4.5
234,234,0,0,0.0,1.5,0.0,0,2,1,4.5
235,235,0,0,0.0,1.5,0.0,0,2,1,4.5
236,236,0,0,0.0,1.5,0.0,0,2,1,4.5
237,237,0,0,0.0,1.5,0.0,0,2,1,4.5
238,238,0,0,0.0,1.5,0.0,0,2,1,4.5
239,239,0,0,0.0,1.5,0.0,0,2,1,4.5
240,240,0,0,0.0,1.5,0.0,0,23,1,25.5
241,241,0,0,0.0,1.5,0.0,0,23,1,25.5
242,242,0,0,0.0,1.5,0.0,0,23,1,25.5
243,243,0,0,0.0,1.5,0.0,0,23,1,25.5
244,244,0,0,0.0,1.5,0.0,0,23,1,25.5
245,245,0,0,0.0,1.5,0.0,0,23,1,25.5
246,246,0,0,0.0,1.5,0.0,0,23,1,25.5
247,247,0,0,0.0,1.5,0.0,0,23,1,25.5
248,248,0,0,0.0,1.5,0.0,0,23,1,25.5
249,249,0,0,0.0,1.5,0.0,0,23,1,25.5
250,250,0,0,0.0,1.5,0.0,0,23,1,25.5
251,251,0,0,0.0,1.5,0.0,0,23,1,25.5
252,252,0,0,0.0,1.5,0.0,0,23,1,25.5
253,253,0,0,0.0,1.5,0.0,0,23,1,25.5
254,254,0,0,0.0,1.5,0.0,0,23,1,25.5
255,255,0,0,0.0,1.5,0.0,0,23,1,25.5
256,256,0,0,0.0,1.5,0.0,0,23,1,25.5
257,257,0,0,0.0,1.5,0.0,0,23,1,25.5
258,258,0,0,0.0,1.5,0.0,0,23,1,25.5
259,259,0,0,0.0,1.5,0.0,0,23,1,25.5
260,260,0,0,0.0,1.5,0.0,0,23,1,25.5
261,261,0,0,0.0,1.5,0.0,0,23,1,25.5
262,262,0,0,0.0,1.5,0.0,0,23,1,25.5
263,263,0,0,0.0,1.5,0.0,0,23,1,25.5
264,264,0,0,0.0,1.5,0.0,0,23,1,25.5
265,265,0,0,0.0,1.5,0.0,0,23,1,25.5
266,266,0,0,0.0,1.5,0.0,0,23,1,25.5
267,267,0,0,0.0,1.5,0.0,0,23,1,25.5
268,268,0,0,0.0,1.5,0.0,0,23,1,25.5
269,269,0,0,0.0,1.5,0.0,0,23,1,25.5
270,270,0,0,0.0,1.5,0.0,0,2,1,4.5
271,271,0,0,0.0,1.5,0.0,0,2,1,4.5
272,272,0,0,0.0,1.5,0.0,0,2,1,4.5
273,273,0,0,0.0,1.5,0.0,0,2,1,4.5
274,274,0,0,0.0,1.5,0.0,0,2,1,4.5
275,275,0,0,0.0,1.5,0.0,0,2,1,4.5
276,276,0,0,0.0,1.5,0.0,0,2,1,4.5
277,277,0,0,0.0,1.5,0.0,0,2,1,4.5
278,278,0,0,0.0,1.5,0.0,0,2,1,4.5
279,279,0,0,0.0,1.5,0.0,0,2,1,4.5
280,280,0,0,0.0,1.5,0.0,0,2,1,4.5
281,281,0,0,0.0,1.5,0.0,0,2,1,4.5
282,282,0,0,0.0,1.5,0.0,0,2,1,4.5
283,283,0,0,0.0,1.5,0.0,0,2,1,4.5
284,284,0,0,0.0,1.5,0.0,0,2,1,4.5
285,285,0,0,0.0,1.5,0.0,0,2,1,4.5
286,286,0,0,0.0,1.5,0.0,0,2,1,4.5
287,287,0,0,0.0,1.5,0.0,0,2,1,4.5
288,288,0,0,0.0,1.5,0.0,0,2,1,4.5
289,289,0,0,0.0,1.5,0.0,0,2,1,4.5
290,290,0,0,0.0,1.5,0.0,0,2,1,4.5
291,291,0,0,0.0,1.5,0.0,0,2,1,4.5
292,292,0,0,0.0,1.5,0.0,0,2,1,4.5
293,293,0,0,0.0,1.5,0.0,0,2,1,4.5
294,294,0,0,0.0,1.5,0.0,0,2,1,4.5
295,295,0,0,0.0,1.5,0.0,0,2,1,4.5
296,296,0,0,0.0,1.5,0.0,0,2,1,4.5
297,297,0,0,0.0,1.5,0.0,0,2,1,4.5
298,298,0,0,0.0,1.5,0.0,0,2,1,4.5
299,299,0,0,0.0,1.5,0.0,0,2,1,4.5
300,300,0,0,0.0,1.5,0.0,0,23,1,25.5
301,301,0,0,0.0,1.5,0.0,0,23,1,25.5
302,302,0,0,0.0,1.5,0.0,0,23,1,25.5
303,303,0,0,0.0,1.5,0.0,0,23,1,25.5
304,304,0,0,0.0,1.5,0.0,0,23,1,25.5
305,305,0,0,0.0,1.5,0.0,0,23,1,25.5
306,306,0,0,0.0,1.5,0.0,0,23,1,25.5
307,307,0,0,0.0,1.5,0.0,0,23,1,25.5
308,308,0,0,0.0,1.5,0.0,0,23,1,25.5
309,309,0,0,0.0,1.5,0.0,0,23,1,25.5
310,310,0,0,0.0,1.5,0.0,0,23,1,25.5
311,311,0,0,0.0,1.5,0.0,0,23,1,25.5
312,312,0,0,0.0,1.5,0.0,0,23,1,25.5
313,313,0,0,0.0,1.5,0.0,0,23,1,25.5
314,314,0,0,0.0,1.5,0.0,0,23,1,25.5
315,315,0,0,0.0,1.5,0.0,0,23,1,25.5
316,316,0,0,0.0,1.5,0.0,0,23,1,25.5
317,317,0,0,0.0,1.5,0.0,0,23,1,25.5
318,318,0,0,0.0,1.5,0.0,0,23,1,25.5
319,319,0,0,0.0,1.5,0.0,0,23,1,25.5
320,320,0,0,0.0,1.5,0.0,0,23,1,25.5
321,321,0,0,0.0,1.5,0.0,0,23,1,25.5
322,322,0,0,0.0,1.5,0.0,0,23,1,25.5
323,323,0,0,0.0,1.5,0.0,0,23,1,25.5
324,324,0,0,0.0,1.5,0.0,0,23,1,25.5
325,325,0,0,0.0,1.5,0.0,0,23,1,25.5
326,326,0,0,0.0,1.5,0.0,0,23,1,25.5
327,327,0,0,0.0,1.5,0.0,0,23,1,25.5
328,328,0,0,0.0,1.5,0.0,0,23,1,25.5
329,329,0,0,0.0,1.5,0.0,0,23,1,25.5
330,330,0,0,0.0,1.5,0.0,0,2,1,4.5
331,331,0,0,0.0,1.5,0.0,0,2,1,4.5
332,332,0,0,0.0,1.5,0.0,0,2,1,4.5
333,333,0,0,0.0,1.5,0.0,0,2,1,4.5
334,334,0,0,0.0,1.5,0.0,0,2,1,4.5
335,335,0,0,0.0,1.5,0.0,0,2,1,4.5
336,336,0,0,0.0,1.5,0.0,0,2,1,4.5
337,337,0,0,0.0,1.5,0.0,0,2,1,4.5
338,338,0,0,0.0,1.5,0.0,0,2,1,4.5
339,339,0,0,0.0,1.5,0.0,0,2,1,4.5
340,340,0,0,0.0,1.5,0.0,0,2,1,4.5
341,341,0,0,0.0,1.5,0.0,0,2,1,4.5
342,342,0,0,0.0,1.5,0.0,0,2,1,4.5
343,343,0,0,0.0,1.5,0.0,0,2,1,4.5
344,344,0,0,0.0,1.5,0.0,0,2,1,4.5
345,345,0,0,0.0,1.5,0.0,0,2,1,4.5
346,346,0,0,0.0,1.5,0.0,0,2,1,4.5
347,347,0,0,0.0,1.5,0.0,0,2,1,4.5
348,348,0,0,0.0,1.5,0.0,0,2,1,4.5
349,349,0,0,0.0,1.5,0.0,0,2,1,4.5
350,350,0,0,0.0,1.5,0.0,0,2,1,4.5
351,351,0,0,0.0,1.5,0.0,0,2,1,4.5
352,352,0,0,0.0,1.5,0.0,0,2,1,4.5
353,353,0,0,0.0,1.5,0.0,0,2,1,4.5
354,354,0,0,0.0,1.5,0.0,0,2,1,4.5
355,355,0,0,0.0,1.5,0.0,0,2,1,4.5
356,356,0,0,0.0,1.5,0.0,0,2,1,4.5
357,357,0,0,0.0,1.5,0.0,0,2,1,4.5
358,358,0,0,0.0,1.5,0.0,0,2,1,4.5
359,359,0,0,0.0,1.5,0.0,0,2,1,4.5
360,360,0,0,0.0,1.5,0.0,0,23,1,25.5
361,361,0,0,0.0,1.5,0.0,0,23,1,25.5
362,362,0,0,0.0,1.5,0.0,0,23,1,25.5
363,363,0,0,0.0,1.5,0.0,0,23,1,25.5
364,364,0,0,0.0,1.5,0.0,0,23,1,25.5
365,365,0,0,0.0,1.5,0.0,0,23,1,25.5
366,366,0,0,0.0,1.5,0.0,0,23,1,25.5
367,367,0,0,0.0,1.5,0.0,0,23,1,25.5
368,368,0,0,0.0,1.5,0.0,0,23,1,25.5
369,369,0,0,0.0,1.5,0.0,0,23,1,25.5
370,370,0,0,0.0,1.5,0.0,0,23,1,25.5
371,371,0,0,0.0,1.5,0.0,0,23,1,25.5
372,372,0,0,0.0,1.5,0.0,0,23,1,25.5
373,373,0,0,0.0,1.5,0.0,0,23,1,25.5
374,374,0,0,0.0,1.5,0.0,0,23,1,25.5
375,375,0,0,0.0,1.5,0.0,0,23,1,25.5
376,376,0,0,0.0,1.5,0.0,0,23,1,25.5
377,377,0,0,0.0,1.5,0.0,0,23,1,25.5
378,378,0,0,0.0,1.5,0.0,0,23,1,25.5
379,379,0,0,0.0,1.5,0.0,0,23,1,25.5
380,380,0,0,0.0,1.5,0.0,0,23,1,25.5
381,381,0,0,0.0,1.5,0.0,0,23,1,25.5
382,382,0,0,0.0,1.5,0.0,0,23,1,25.5
383,383,0,0,0.0,1.5,0.0,0,23,1,25.5
384,384,0,0,0.0,1.5,0.0,0,23,1,25.5
385,385,0,0,0.0,1.5,0.0,0,23,1,25.5
386,386,0,0,0.0,1.5,0.0,0,23,1,25.5
387,387,0,0,0.0,1.5,0.0,0,23,1,25.5
388,388,0,0,0.0,1.5,0.0,0,23,1,25.5
389,389,0,0,0.0,1.5,0.0,0,23,1,25.5
390,390,0,0,0.0,1.5,0.0,0,2,9,12.5
391,391,0,0,0.0,1.5,0.0,0,2,9,12.5
392,392,0,0,0.0,1.5,0.0,0,2,9,12.5
393,393,0,0,0.0,1.5,0.0,0,2,9,12.5
394,394,0,0,0.0,1.5,0.0,0,2,9,12.5
395,395,0,0,0.0,1.5,0.0,0,2,9,12.5
396,396,0,0,0.0,1.5,0.0,0,2,9,12.5
397,397,0,0,0.0,1.5,0.0,0,2,9,12.5
398,398,0,0,0.0,1.5,0.0,0,2,9,12.5
399,399,0,0,0.0,1.5,0.0,0,2,9,12.5
400,400,0,0,0.0,1.5,0.0,0,2,9,12.5
401,401,0,0,0.0,1.5,0.0,0,2,9,12.5
402,402,0,0,0.0,1.5,0.0,0,2,9,12.5
403,403,0,0,0.0,1.5,0.0,0,2,9,12.5
404,404,0,0,0.0,1.5,0.0,0,2,9,12.5
405,405,0,0,0.0,1.5,0.0,0,2,9,12.5
406,406,0,0,0.0,1.5,0.0,0,2,9,12.5
407,407,0,0,0.0,1.5,0.0,0,2,9,12.5
408,408,0,0,0.0,1.5,0.0,0,2,9,12.5
409,409,0,0,0.0,1.5,0.0,0,2,9,12.5
410,410,0,0,0.0,1.5,0.0,0,2,9,12.5
411,411,0,0,0.0,1.5,0.0,0,2,9,12.5
412,412,0,0,0.0,1.5,0.0,0,2,9,12.5
413,413,0,0,0.0,1.5,0.0,0,2,9,12.5
414,414,0,0,0.0,1.5,0.0,0,2,9,12.5
415,415,0,0,0.0,1.5,0.0,0,2,9,12.5
416,416,0,0,0.0,1.5,0.0,0,2,9,12.5
417,417,0,0,0.0,1.5,0.0,0,2,9,12.5
418,418,0,0,0.0,1.5,0.0,0,2,9,12.5
419,419,0,0,0.0,1.5,0.0,0,2,9,12.5
420,420,0,0,0.0,8.0,0.0,0,23,9,40.0
421,421,0,0,0.0,8.0,0.0,0,23,9,40.0
422,422,0,0,0.0,8.0,0.0,0,23,9,40.0
423,423,0,0,0.0,8.0,0.0,0,23,9,40.0
424,424,0,0,0.0,8.0,0.0,0,23,9,40.0
425,425,0,0,0.0,8.0,0.0,0,23,9,40.0
426,426,0,0,0.0,8.0,0.0,0,23,9,40.0
427,427,0,0,0.0,8.0,0.0,0,23,9,40.0
428,428,0,0,0.0,8.0,0.0,0,23,9,40.0
429,429,0,0,0.0,8.0,0.0,0,23,9,40.0
430,430,0,0,0.0,8.0,0.0,0,23,9,40.0
431,431,0,0,0.0,8.0,0.0,0,23,9,40.0
432,432,0,0,0.0,8.0,0.0,0,23,9,40.0
433,433,0,0,0.0,8.0,0.0,0,23,9,40.0
434,434,0,0,0.0,8.0,0.0,0,23,9,40.0
435,435,0,0,0.0,8.0,0.0,0,23,9,40.0
436,436,0,0,0.0,8.0,0.0,0,23,9,40.0
437,437,0,0,0.0,8.0,0.0,0,23,9,40.0
438,438,0,0,0.0,8.0,0.0,0,23,9,40.0
439,439,0,0,0.0,8.0,0.0,0,23,9,40.0
440,440,0,0,0.0,8.0,0.0,0,23,9,40.0
441,441,0,0,0.0,8.0,0.0,0,23,9,40.0
442,442,0,0,0.0,8.0,0.0,0,23,9,40.0
443,443,0,0,0.0,8.0,0.0,0,23,9,40.0
444,444,0,0,0.0,8.0,0.0,0,23,9,40.0
445,445,0,0,0.0,8.0,0.0,0,23,9,40.0
446,446,0,0,0.0,8.0,0.0,0,23,9,40.0
447,447,0,0,0.0,8.0,0.0,0,23,9,40.0
448,448,0,0,0.0,8.0,0.0,0,23,9,40.0
449,449,0,0,0.0,8.0,0.0,0,23,9,40.0
450,450,0,0,0.0,8.0,0.0,0,2,9,19.0
451,451,0,0,0.0,8.0,0.0,0,2,9,19.0
452,452,0,0,0.0,8.0,0.0,0,2,9,19.0
453,453,0,0,0.0,8.0,0.0,0,2,9,19.0
454,454,0,0,0.0,8.0,0.0,0,2,9,19.0
455,455,0,0,0.0,8.0,0.0,0,2,9,19.0
456,456,0,0,0.0,8.0,0.0,0,2,9,19.0
457,457,0,0,0.0,8.0,0.0,0,2,9,19.0
458,458,0,0,0.0,8.0,0.0,0,2,9,19.0
459,459,0,0,0.0,8.0,0.0,0,2,9,19.0
460,460,0,0,0.0,8.0,0.0,0,2,9,19.0
461,461,0,0,0.0,8.0,0.0,0,2,9,19.0
462,462,0,0,0.0,8.0,0.0,0,2,9,19.0
463,463,0,0,0.0,8.0,0.0,0,2,9,19.0
464,464,0,0,0.0,8.0,0.0,0,2,9,19.0
465,465,0,0,0.0,8.0,0.0,0,2,9,19.0
466,466,0,0,0.0,8.0,0.0,0,2,9,19.0
467,467,0,0,0.0,8.0,0.0,0,2,9,19.0
468,468,0,0,0.0,8.0,0.0,0,2,9,19.0
469,469,0,0,0.0,8.0,0.0,0,2,9,19.0
470,470,0,0,0.0,8.0,0.0,0,2,9,19.0
471,471,0,0,0.0,8.0,0.0,0,2,9,19.0
472,472,0,0,0.0,8.0,0.0,0,2,9,19.0
473,473,0,0,0.0,8.0,0.0,0,2,9,19.0
474,474,0,0,0.0,8.0,0.0,0,2,9,19.0
475,475,0,0,0.0,8.0,0.0,0,2,9,19.0
476,476,0,0,0.0,8.0,0.0,0,2,9,19.0
477,477,0,0,0.0,8.0,0.0,0,2,9,19.0
478,478,0,0,0.0,8.0,0.0,0,2,9,19.0
479,479,0,0,0.0,8.0,0.0,0,2,9,19.0
480,480,10,0,0.0,1.5,0.0,0,23,9,43.5
481,481,10,0,0.0,1.5,0.0,0,23,9,43.5
482,482,10,0,0.0,1.5,0.0,0,23,9,43.5
483,483,10,0,0.0,1.5,0.0,0,23,9,43.5
484,484,10,0,0.0,1.5,0.0,0,23,9,43.5
485,485,10,0,0.0,1.5,0.0,0,23,9,43.5
486,486,10,0,0.0,1.5,0.0,0,23,9,43.5
487,487,10,0,0.0,1.5,0.0,0,23,9,43.5
488,488,10,0,0.0,1.5,0.0,0,23,9,43.5
489,489,10,0,0.0,1.5,0.0,0,23,9,43.5
490,490,10,0,0.0,1.5,0.0,0,23,9,43.5
491,491,10,0,0.0,1.5,0.0,0,23,9,43.5
492,492,10,0,0.0,1.5,0.0,0,23,9,43.5
493,493,10,0,0.0,1.5,0.0,0,23,9,43.5
494,494,10,0,0.0,1.5,0.0,0,23,9,43.5
495,495,10,0,0.0,1.5,0.0,0,23,9,43.5
496,496,10,0,0.0,1.5,0.0,0,23,9,43.5
497,497,10,0,0.0,1.5,0.0,0,23,9,43.5
498,498,10,0,0.0,1.5,0.0,0,23,9,43.5
499,499,10,0,0.0,1.5,0.0,0,23,9,43.5
500,500,10,0,0.0,1.5,0.0,0,23,9,43.5
501,501,10,0,0.0,1.5,0.0,0,23,9,43.5
502,502,10,0,0.0,1.5,0.0,0,23,9,43.5
503,503,10,0,0.0,1.5,0.0,0,23,9,43.5
504,504,10,0,0.0,1.5,0.0,0,23,9,43.5
505,505,10,0,0.0,1.5,0.0,0,23,9,43.5
506,506,10,0,0.0,1.5,0.0,0,23,9,43.5
507,507,10,0,0.0,1.5,0.0,0,23,9,43.5
508,508,10,0,0.0,1.5,0.0,0,23,9,43.5
509,509,10,0,0.0,1.5,0.0,0,23,9,43.5
510,510,10,0,0.0,1.5,0.0,0,2,9,22.5
511,511,10,0,0.0,1.5,0.0,0,2,9,22.5
512,512,10,0,0.0,1.5,0.0,0,2,9,22.5
513,513,10,0,0.0,1.5,0.0,0,2,9,22.5
514,514,10,0,0.0,1.5,0.0,0,2,9,22.5
515,515,10,0,0.0,1.5,0.0,0,2,9,22.5
516,516,10,0,0.0,1.5,0.0,0,2,9,22.5
517,517,10,0,0.0,1.5,0.0,0,2,9,22.5
518,518,10,0,0.0,1.5,0.0,0,2,9,22.5
519,519,10,0,0.0,1.5,0.0,0,2,9,22.5
520,520,10,0,0.0,1.5,0.0,0,2,9,22.5
521,521,10,0,0.0,1.5,0.0,0,2,9,22.5
522,522,10,0,0.0,1.5,0.0,0,2,9,22.5
523,523,10,0,0.0,1.5,0.0,0,2,9,22.5
524,524,10,0,0.0,1.5,0.0,0,2,9,22.5
525,525,10,0,0.0,1.5,0.0,0,2,9,22.5
526,526,10,0,0.0,1.5,0.0,0,2,9,22.5
527,527,10,0,0.0,1.5,0.0,0,2,9,22.5
528,528,10,0,0.0,1.5,0.0,0,2,9,22.5
529,529,10,0,0.0,1.5,0.0,0,2,9,22.5
530,530,10,0,0.0,1.5,0.0,0,2,9,22.5
531,531,10,0,0.0,1.5,0.0,0,2,9,22.5
532,532,10,0,0.0,1.5,0.0,0,2,9,22.5
533,533,10,0,0.0,1.5,0.0,0,2,9,22.5
534,534,10,0,0.0,1.5,0.0,0,2,9,22.5
535,535,10,0,0.0,1.5,0.0,0,2,9,22.5
536,536,10,0,0.0,1.5,0.0,0,2,9,22.5
537,537,10,0,0.0,1.5,0.0,0,2,9,22.5
538,538,10,0,0.0,1.5,0.0,0,2,9,22.5
539,539,10,0,0.0,1.5,0.0,0,2,9,22.5
540,540,0,30,0.0,1.5,0.0,0,2,9,42.5
541,541,0,30,0.0,1.5,0.0,0,2,9,42.5
542,542,0,30,0.0,1.5,0.0,0,2,9,42.5
543,543,0,30,0.0,1.5,0.0,0,2,9,42.5
544,544,0,30,0.0,1.5,0.0,0,2,9,42.5
545,545,0,30,0.0,1.5,0.0,0,2,9,42.5
546,546,0,30,0.0,1.5,0.0,0,2,9,42.5
547,547,0,30,0.0,1.5,0.0,0,2,9,42.5
548,548,0,30,0.0,1.5,0.0,0,2,9,42.5
549,549,0,30,0.0,1.5,0.0,0,2,9,42.5
550,550,0,30,0.0,1.5,0.0,0,2,9,42.5
551,551,0,30,0.0,1.5,0.0,0,2,9,42.5
552,552,0,30,0.0,1.5,0.0,0,2,9,42.5
553,553,0,30,0.0,1.5,0.0,0,2,9,42.5
554,554,0,30,0.0,1.5,0.0,0,2,9,42.5
555,555,0,30,0.0,1.5,0.0,0,2,9,42.5
556,556,0,30,0.0,1.5,0.0,0,2,9,42.5
557,557,0,30,0.0,1.5,0.0,0,2,9,42.5
558,558,0,30,0.0,1.5,0.0,0,2,9,42.5
559,559,0,30,0.0,1.5,0.0,0,2,9,42.5
560,560,0,30,0.0,1.5,0.0,0,2,9,42.5
561,561,0,30,0.0,1.5,0.0,0,2,9,42.5
562,562,0,30,0.0,1.5,0.0,0,2,9,42.5
563,563,0,30,0.0,1.5,0.0,0,2,9,42.5
564,564,0,30,0.0,1.5,0.0,0,2,9,42.5
565,565,0,30,0.0,1.5,0.0,0,2,9,42.5
566,566,0,30,0.0,1.5,0.0,0,2,9,42.5
567,567,0,30,0.0,1.5,0.0,0,2,9,42.5
568,568,0,30,0.0,1.5,0.0,0,2,9,42.5
569,569,0,30,0.0,1.5,0.0,0,2,9,42.5
570,570,0,30,0.0,1.5,0.0,0,2,9,42.5
571,571,0,30,0.0,1.5,0.0,0,2,9,42.5
572,572,0,30,0.0,1.5,0.0,0,2,9,42.5
573,573,0,30,0.0,1.5,0.0,0,2,9,42.5
574,574,0,30,0.0,1.5,0.0,0,2,9,42.5
575,575,0,30,0.0,1.5,0.0,0,2,9,42.5
576,576,0,30,0.0,1.5,0.0,0,2,9,42.5
577,577,0,30,0.0,1.5,0.0,0,2,9,42.5
578,578,0,30,0.0,1.5,0.0,0,2,9,42.5
579,579,0,30,0.0,1.5,0.0,0,2,9,42.5
580,580,0,30,0.0,1.5,0.0,0,2,9,42.5
581,581,0,30,0.0,1.5,0.0,0,2,9,42.5
582,582,0,30,0.0,1.5,0.0,0,2,9,42.5
583,583,0,30,0.0,1.5,0.0,0,2,9,42.5
584,584,0,30,0.0,1.5,0.0,0,2,9,42.5
585,585,0,30,0.0,1.5,0.0,0,2,9,42.5
586,586,0,30,0.0,1.5,0.0,0,2,9,42.5
587,587,0,30,0.0,1.5,0.0,0,2,9,42.5
588,588,0,30,0.0,1.5,0.0,0,2,9,42.5
589,589,0,30,0.0,1.5,0.0,0,2,9,42.5
590,590,0,30,0.0,1.5,0.0,0,2,9,42.5
591,591,0,30,0.0,1.5,0.0,0,2,9,42.5
592,592,0,30,0.0,1.5,0.0,0,2,9,42.5
593,593,0,30,0.0,1.5,0.0,0,2,9,42.5
594,594,0,30,0.0,1.5,0.0,0,2,9,42.5
595,595,0,30,0.0,1.5,0.0,0,2,9,42.5
596,596,0,30,0.0,1.5,0.0,0,2,9,42.5
597,597,0,30,0.0,1.5,0.0,0,2,9,42.5
598,598,0,30,0.0,1.5,0.0,0,2,9,42.5
599,599,0,30,0.0,1.5,0.0,0,2,9,42.5
600,600,0,0,0.0,1.5,0.0,0,23,9,33.5
601,601,0,0,0.0,1.5,0.0,0,23,9,33.5
602,602,0,0,0.0,1.5,0.0,0,23,9,33.5
603,603,0,0,0.0,1.5,0.0,0,23,9,33.5
604,604,0,0,0.0,1.5,0.0,0,23,9,33.5
605,605,0,0,0.0,1.5,0.0,0,23,9,33.5
606,606,0,0,0.0,1.5,0.0,0,23,9,33.5
607,607,0,0,0.0,1.5,0.0,0,23,9,33.5
608,608,0,0,0.0,1.5,0.0,0,23,9,33.5
609,609,0,0,0.0,1.5,0.0,0,23,9,33.5
610,610,0,0,0.0,1.5,0.0,0,23,9,33.5
611,611,0,0,0.0,1.5,0.0,0,23,9,33.5
612,612,0,0,0.0,1.5,0.0,0,23,9,33.5
613,613,0,0,0.0,1.5,0.0,0,23,9,33.5
614,614,0,0,0.0,1.5,0.0,0,23,9,33.5
615,615,0,0,0.0,1.5,0.0,0,23,9,33.5
616,616,0,0,0.0,1.5,0.0,0,23,9,33.5
617,617,0,0,0.0,1.5,0.0,0,23,9,33.5
618,618,0,0,0.0,1.5,0.0,0,23,9,33.5
619,619,0,0,0.0,1.5,0.0,0,23,9,33.5
620,620,0,0,0.0,1.5,0.0,0,23,9,33.5
621,621,0,0,0.0,1.5,0.0,0,23,9,33.5
622,622,0,0,0.0,1.5,0.0,0,23,9,33.5
623,623,0,0,0.0,1.5,0.0,0,23,9,33.5
624,624,0,0,0.0,1.5,0.0,0,23,9,33.5
625,625,0,0,0.0,1.5,0.0,0,23,9,33.5
626,626,0,0,0.0,1.5,0.0,0,23,9,33.5
627,627,0,0,0.0,1.5,0.0,0,23,9,33.5
628,628,0,0,0.0,1.5,0.0,0,23,9,33.5
629,629,0,0,0.0,1.5,0.0,0,23,9,33.5
630,630,0,0,0.0,1.5,0.0,0,2,9,12.5
631,631,0,0,0.0,1.5,0.0,0,2,9,12.5
632,632,0,0,0.0,1.5,0.0,0,2,9,12.5
633,633,0,0,0.0,1.5,0.0,0,2,9,12.5
634,634,0,0,0.0,1.5,0.0,0,2,9,12.5
635,635,0,0,0.0,1.5,0.0,0,2,9,12.5
636,636,0,0,0.0,1.5,0.0,0,2,9,12.5
637,637,0,0,0.0,1.5,0.0,0,2,9,12.5
638,638,0,0,0.0,1.5,0.0,0,2,9,12.5
639,639,0,0,0.0,1.5,0.0,0,2,9,12.5
640,640,0,0,0.0,1.5,0.0,0,2,9,12.5
641,641,0,0,0.0,1.5,0.0,0,2,9,12.5
642,642,0,0,0.0,1.5,0.0,0,2,9,12.5
643,643,0,0,0.0,1.5,0.0,0,2,9,12.5
644,644,0,0,0.0,1.5,0.0,0,2,9,12.5
645,645,0,0,0.0,1.5,0.0,0,2,9,12.5
646,646,0,0,0.0,1.5,0.0,0,2,9,12.5
647,647,0,0,0.0,1.5,0.0,0,2,9,12.5
648,648,0,0,0.0,1.5,0.0,0,2,9,12.5
649,649,0,0,0.0,1.5,0.0,0,2,9,12.5
650,650,0,0,0.0,1.5,0.0,0,2,9,12.5
651,651,0,0,0.0,1.5,0.0,0,2,9,12.5
652,652,0,0,0.0,1.5,0.0,0,2,9,12.5
653,653,0,0,0.0,1.5,0.0,0,2,9,12.5
654,654,0,0,0.0,1.5,0.0,0,2,9,12.5
655,655,0,0,0.0,1.5,0.0,0,2,9,12.5
656,656,0,0,0.0,1.5,0.0,0,2,9,12.5
657,657,0,0,0.0,1.5,0.0,0,2,9,12.5
658,658,0,0,0.0,1.5,0.0,0,2,9,12.5
659,659,0,0,0.0,1.5,0.0,0,2,9,12.5
660,660,0,0,0.0,1.5,0.0,0,2,9,12.5
661,661,0,0,0.0,1.5,0.0,0,2,9,12.5
662,662,0,0,0.0,1.5,0.0,0,2,9,12.5
663,663,0,0,0.0,1.5,0.0,0,2,9,12.5
664,664,0,0,0.0,1.5,0.0,0,2,9,12.5
665,665,0,0,0.0,1.5,0.0,0,2,9,12.5
666,666,0,0,0.0,1.5,0.0,0,2,9,12.5
667,667,0,0,0.0,1.5,0.0,0,2,9,12.5
668,668,0,0,0.0,1.5,0.0,0,2,9,12.5
669,669,0,0,0.0,1.5,0.0,0,2,9,12.5
670,670,0,0,0.0,1.5,0.0,0,2,9,12.5
671,671,0,0,0.0,1.5,0.0,0,2,9,12.5
672,672,0,0,0.0,1.5,0.0,0,2,9,12.5
673,673,0,0,0.0,1.5,0.0,0,2,9,12.5
674,674,0,0,0.0,1.5,0.0,0,2,9,12.5
675,675,0,0,0.0,1.5,0.0,0,2,9,12.5
676,676,0,0,0.0,1.5,0.0,0,2,9,12.5
677,677,0,0,0.0,1.5,0.0,0,2,9,12.5
678,678,0,0,0.0,1.5,0.0,0,2,9,12.5
679,679,0,0,0.0,1.5,0.0,0,2,9,12.5
680,680,0,0,0.0,1.5,0.0,0,2,9,12.5
681,681,0,0,0.0,1.5,0.0,0,2,9,12.5
682,682,0,0,0.0,1.5,0.0,0,2,9,12.5
683,683,0,0,0.0,1.5,0.0,0,2,9,12.5
684,684,0,0,0.0,1.5,0.0,0,2,9,12.5
685,685,0,0,0.0,1.5,0.0,0,2,9,12.5
686,686,0,0,0.0,1.5,0.0,0,2,9,12.5
687,687,0,0,0.0,1.5,0.0,0,2,9,12.5
688,688,0,0,0.0,1.5,0.0,0,2,9,12.5
689,689,0,0,0.0,1.5,0.0,0,2,9,12.5
690,690,0,0,0.0,1.5,0.0,0,2,1,4.5
691,691,0,0,0.0,1.5,0.0,0,2,1,4.5
692,692,0,0,0.0,1.5,0.0,0,2,1,4.5
693,693,0,0,0.0,1.5,0.0,0,2,1,4.5
694,694,0,0,0.0,1.5,0.0,0,2,1,4.5
695,695,0,0,0.0,1.5,0.0,0,2,1,4.5
696,696,0,0,0.0,1.5,0.0,0,2,1,4.5
697,697,0,0,0.0,1.5,0.0,0,2,1,4.5
698,698,0,0,0.0,1.5,0.0,0,2,1,4.5
699,699,0,0,0.0,1.5,0.0,0,2,1,4.5
700,700,0,0,0.0,1.5,0.0,0,2,1,4.5
701,701,0,0,0.0,1.5,0.0,0,2,1,4.5
702,702,0,0,0.0,1.5,0.0,0,2,1,4.5
703,703,0,0,0.0,1.5,0.0,0,2,1,4.5
704,704,0,0,0.0,1.5,0.0,0,2,1,4.5
705,705,0,0,0.0,1.5,0.0,0,2,1,4.5
706,706,0,0,0.0,1.5,0.0,0,2,1,4.5
707,707,0,0,0.0,1.5,0.0,0,2,1,4.5
708,708,0,0,0.0,1.5,0.0,0,2,1,4.5
709,709,0,0,0.0,1.5,0.0,0,2,1,4.5
710,710,0,0,0.0,1.5,0.0,0,2,1,4.5
711,711,0,0,0.0,1.5,0.0,0,2,1,4.5
712,712,0,0,0.0,1.5,0.0,0,2,1,4.5
713,713,0,0,0.0,1.5,0.0,0,2,1,4.5
714,714,0,0,0.0,1.5,0.0,0,2,1,4.5
715,715,0,0,0.0,1.5,0.0,0,2,1,4.5
716,716,0,0,0.0,1.5,0.0,0,2,1,4.5
717,717,0,0,0.0,1.5,0.0,0,2,1,4.5
718,718,0,0,0.0,1.5,0.0,0,2,1,4.5
719,719,0,0,0.0,1.5,0.0,0,2,1,4.5
720,720,0,0,0.0,1.5,0.0,0,23,1,25.5
721,721,0,0,0.0,1.5,0.0,0,23,1,25.5
722,722,0,0,0.0,1.5,0.0,0,23,1,25.5
723,723,0,0,0.0,1.5,0.0,0,23,1,25.5
724,724,0,0,0.0,1.5,0.0,0,23,1,25.5
725,725,0,0,0.0,1.5,0.0,0,23,1,25.5
726,726,0,0,0.0,1.5,0.0,0,23,1,25.5
727,727,0,0,0.0,1.5,0.0,0,23,1,25.5
728,728,0,0,0.0,1.5,0.0,0,23,1,25.5
729,729,0,0,0.0,1.5,0.0,0,23,1,25.5
730,730,0,0,0.0,1.5,0.0,0,23,1,25.5
731,731,0,0,0.0,1.5,0.0,0,23,1,25.5
732,732,0,0,0.0,1.5,0.0,0,23,1,25.5
733,733,0,0,0.0,1.5,0.0,0,23,1,25.5
734,734,0,0,0.0,1.5,0.0,0,23,1,25.5
735,735,0,0,0.0,1.5,0.0,0,23,1,25.5
736,736,0,0,0.0,1.5,0.0,0,23,1,25.5
737,737,0,0,0.0,1.5,0.0,0,23,1,25.5
738,738,0,0,0.0,1.5,0.0,0,23,1,25.5
739,739,0,0,0.0,1.5,0.0,0,23,1,25.5
740,740,0,0,0.0,1.5,0.0,0,23,1,25.5
741,741,0,0,0.0,1.5,0.0,0,23,1,25.5
742,742,0,0,0.0,1.5,0.0,0,23,1,25.5
743,743,0,0,0.0,1.5,0.0,0,23,1,25.5
744,744,0,0,0.0,1.5,0.0,0,23,1,25.5
745,745,0,0,0.0,1.5,0.0,0,23,1,25.5
746,746,0,0,0.0,1.5,0.0,0,23,1,25.5
747,747,0,0,0.0,1.5,0.0,0,23,1,25.5
748,748,0,0,0.0,1.5,0.0,0,23,1,25.5
749,749,0,0,0.0,1.5,0.0,0,23,1,25.5
750,750,0,0,0.0,1.5,0.0,0,2,1,4.5
751,751,0,0,0.0,1.5,0.0,0,2,1,4.5
752,752,0,0,0.0,1.5,0.0,0,2,1,4.5
753,753,0,0,0.0,1.5,0.0,0,2,1,4.5
754,754,0,0,0.0,1.5,0.0,0,2,1,4.5
755,755,0,0,0.0,1.5,0.0,0,2,1,4.5
756,756,0,0,0.0,1.5,0.0,0,2,1,4.5
757,757,0,0,0.0,1.5,0.0,0,2,1,4.5
758,758,0,0,0.0,1.5,0.0,0,2,1,4.5
759,759,0,0,0.0,1.5,0.0,0,2,1,4.5
760,760,0,0,0.0,1.5,0.0,0,2,1,4.5
761,761,0,0,0.0,1.5,0.0,0,2,1,4.5
762,762,0,0,0.0,1.5,0.0,0,2,1,4.5
763,763,0,0,0.0,1.5,0.0,0,2,1,4.5
764,764,0,0,0.0,1.5,0.0,0,2,1,4.5
765,765,0,0,0.0,1.5,0.0,0,2,1,4.5
766,766,0,0,0.0,1.5,0.0,0,2,1,4.5
767,767,0,0,0.0,1.5,0.0,0,2,1,4.5
768,768,0,0,0.0,1.5,0.0,0,2,1,4.5
769,769,0,0,0.0,1.5,0.0,0,2,1,4.5
770,770,0,0,0.0,1.5,0.0,0,2,1,4.5
771,771,0,0,0.0,1.5,0.0,0,2,1,4.5
772,772,0,0,0.0,1.5,0.0,0,2,1,4.5
773,773,0,0,0.0,1.5,0.0,0,2,1,4.5
774,774,0,0,0.0,1.5,0.0,0,2,1,4.5
775,775,0,0,0.0,1.5,0.0,0,2,1,4.5
776,776,0,0,0.0,1.5,0.0,0,2,1,4.5
777,777,0,0,0.0,1.5,0.0,0,2,1,4.5
778,778,0,0,0.0,1.5,0.0,0,2,1,4.5
779,779,0,0,0.0,1.5,0.0,0,2,1,4.5
780,780,0,0,0.0,1.5,0.0,0,2,1,4.5
781,781,0,0,0.0,1.5,0.0,0,2,1,4.5
782,782,0,0,0.0,1.5,0.0,0,2,1,4.5
783,783,0,0,0.0,1.5,0.0,0,2,1,4.5
784,784,0,0,0.0,1.5,0.0,0,2,1,4.5
785,785,0,0,0.0,1.5,0.0,0,2,1,4.5
786,786,0,0,0.0,1.5,0.0,0,2,1,4.5
787,787,0,0,0.0,1.5,0.0,0,2,1,4.5
788,788,0,0,0.0,1.5,0.0,0,2,1,4.5
789,789,0,0,0.0,1.5,0.0,0,2,1,4.5
790,790,0,0,0.0,1.5,0.0,0,2,1,4.5
791,791,0,0,0.0,1.5,0.0,0,2,1,4.5
792,792,0,0,0.0,1.5,0.0,0,2,1,4.5
793,793,0,0,0.0,1.5,0.0,0,2,1,4.5
794,794,0,0,0.0,1.5,0.0,0,2,1,4.5
795,795,0,0,0.0,1.5,0.0,0,2,1,4.5
796,796,0,0,0.0,1.5,0.0,0,2,1,4.5
797,797,0,0,0.0,1.5,0.0,0,2,1,4.5
798,798,0,0,0.0,1.5,0.0,0,2,1,4.5
799,799,0,0,0.0,1.5,0.0,0,2,1,4.5
800,800,0,0,0.0,1.5,0.0,0,2,1,4.5
801,801,0,0,0.0,1.5,0.0,0,2,1,4.5
802,802,0,0,0.0,1.5,0.0,0,2,1,4.5
803,803,0,0,0.0,1.5,0.0,0,2,1,4.5
804,804,0,0,0.0,1.5,0.0,0,2,1,4.5
805,805,0,0,0.0,1.5,0.0,0,2,1,4.5
806,806,0,0,0.0,1.5,0.0,0,2,1,4.5
807,807,0,0,0.0,1.5,0.0,0,2,1,4.5
808,808,0,0,0.0,1.5,0.0,0,2,1,4.5
809,809,0,0,0.0,1.5,0.0,0,2,1,4.5
810,810,0,0,0.0,1.5,0.0,0,2,1,4.5
811,811,0,0,0.0,1.5,0.0,0,2,1,4.5
812,812,0,0,0.0,1.5,0.0,0,2,1,4.5
813,813,0,0,0.0,1.5,0.0,0,2,1,4.5
814,814,0,0,0.0,1.5,0.0,0,2,1,4.5
815,815,0,0,0.0,1.5,0.0,0,2,1,4.5
816,816,0,0,0.0,1.5,0.0,0,2,1,4.5
817,817,0,0,0.0,1.5,0.0,0,2,1,4.5
818,818,0,0,0.0,1.5,0.0,0,2,1,4.5
819,819,0,0,0.0,1.5,0.0,0,2,1,4.5
820,820,0,0,0.0,1.5,0.0,0,2,1,4.5
821,821,0,0,0.0,1.5,0.0,0,2,1,4.5
822,822,0,0,0.0,1.5,0.0,0,2,1,4.5
823,823,0,0,0.0,1.5,0.0,0,2,1,4.5
824,824,0,0,0.0,1.5,0.0,0,2,1,4.5
825,825,0,0,0.0,1.5,0.0,0,2,1,4.5
826,826,0,0,0.0,1.5,0.0,0,2,1,4.5
827,827,0,0,0.0,1.5,0.0,0,2,1,4.5
828,828,0,0,0.0,1.5,0.0,0,2,1,4.5
829,829,0,0,0.0,1.5,0.0,0,2,1,4.5
830,830,0,0,0.0,1.5,0.0,0,2,1,4.5
831,831,0,0,0.0,1.5,0.0,0,2,1,4.5
832,832,0,0,0.0,1.5,0.0,0,2,1,4.5
833,833,0,0,0.0,1.5,0.0,0,2,1,4.5
834,834,0,0,0.0,1.5,0.0,0,2,1,4.5
835,835,0,0,0.0,1.5,0.0,0,2,1,4.5
836,836,0,0,0.0,1.5,0.0,0,2,1,4.5
837,837,0,0,0.0,1.5,0.0,0,2,1,4.5
838,838,0,0,0.0,1.5,0.0,0,2,1,4.5
839,839,0,0,0.0,1.5,0.0,0,2,1,4.5
840,840,0,0,0.0,1.5,0.0,0,23,1,25.5
841,841,0,0,0.0,1.5,0.0,0,23,1,25.5
842,842,0,0,0.0,1.5,0.0,0,23,1,25.5
843,843,0,0,0.0,1.5,0.0,0,23,1,25.5
844,844,0,0,0.0,1.5,0.0,0,23,1,25.5
845,845,0,0,0.0,1.5,0.0,0,23,1,25.5
846,846,0,0,0.0,1.5,0.0,0,23,1,25.5
847,847,0,0,0.0,1.5,0.0,0,23,1,25.5
848,848,0,0,0.0,1.5,0.0,0,23,1,25.5
849,849,0,0,0.0,1.5,0.0,0,23,1,25.5
850,850,0,0,0.0,1.5,0.0,0,23,1,25.5
851,851,0,0,0.0,1.5,0.0,0,23,1,25.5
852,852,0,0,0.0,1.5,0.0,0,23,1,25.5
853,853,0,0,0.0,1.5,0.0,0,23,1,25.5
854,854,0,0,0.0,1.5,0.0,0,23,1,25.5
855,855,0,0,0.0,1.5,0.0,0,23,1,25.5
856,856,0,0,0.0,1.5,0.0,0,23,1,25.5
857,857,0,0,0.0,1.5,0.0,0,23,1,25.5
858,858,0,0,0.0,1.5,0.0,0,23,1,25.5
859,859,0,0,0.0,1.5,0.0,0,23,1,25.5
860,860,0,0,0.0,1.5,0.0,0,23,1,25.5
861,861,0,0,0.0,1.5,0.0,0,23,1,25.5
862,862,0,0,0.0,1.5,0.0,0,23,1,25.5
863,863,0,0,0.0,1.5,0.0,0,23,1,25.5
864,864,0,0,0.0,1.5,0.0,0,23,1,25.5
865,865,0,0,0.0,1.5,0.0,0,23,1,25.5
866,866,0,0,0.0,1.5,0.0,0,23,1,25.5
867,867,0,0,0.0,1.5,0.0,0,23,1,25.5
868,868,0,0,0.0,1.5,0.0,0,23,1,25.5
869,869,0,0,0.0,1.5,0.0,0,23,1,25.5
870,870,0,0,0.0,1.5,0.0,0,2,1,4.5
871,871,0,0,0.0,1.5,0.0,0,2,1,4.5
872,872,0,0,0.0,1.5,0.0,0,2,1,4.5
873,873,0,0,0.0,1.5,0.0,0,2,1,4.5
874,874,0,0,0.0,1.5,0.0,0,2,1,4.5
875,875,0,0,0.0,1.5,0.0,0,2,1,4.5
876,876,0,0,0.0,1.5,0.0,0,2,1,4.5
877,877,0,0,0.0,1.5,0.0,0,2,1,4.5
878,878,0,0,0.0,1.5,0.0,0,2,1,4.5
879,879,0,0,0.0,1.5,0.0,0,2,1,4.5
880,880,0,0,0.0,1.5,0.0,0,2,1,4.5
881,881,0,0,0.0,1.5,0.0,0,2,1,4.5
882,882,0,0,0.0,1.5,0.0,0,2,1,4.5
883,883,0,0,0.0,1.5,0.0,0,2,1,4.5
884,884,0,0,0.0,1.5,0.0,0,2,1,4.5
885,885,0,0,0.0,1.5,0.0,0,2,1,4.5
886,886,0,0,0.0,1.5,0.0,0,2,1,4.5
887,887,0,0,0.0,1.5,0.0,0,2,1,4.5
888,888,0,0,0.0,1.5,0.0,0,2,1,4.5
889,889,0,0,0.0,1.5,0.0,0,2,1,4.5
890,890,0,0,0.0,1.5,0.0,0,2,1,4.5
891,891,0,0,0.0,1.5,0.0,0,2,1,4.5
892,892,0,0,0.0,1.5,0.0,0,2,1,4.5
893,893,0,0,0.0,1.5,0.0,0,2,1,4.5
894,894,0,0,0.0,1.5,0.0,0,2,1,4.5
895,895,0,0,0.0,1.5,0.0,0,2,1,4.5
896,896,0,0,0.0,1.5,0.0,0,2,1,4.5
897,897,0,0,0.0,1.5,0.0,0,2,1,4.5
898,898,0,0,0.0,1.5,0.0,0,2,1,4.5
899,899,0,0,0.0,1.5,0.0,0,2,1,4.5
900,900,0,0,0.0,1.5,0.0,0,2,1,4.5
901,901,0,0,0.0,1.5,0.0,0,2,1,4.5
902,902,0,0,0.0,1.5,0.0,0,2,1,4.5
903,903,0,0,0.0,1.5,0.0,0,2,1,4.5
904,904,0,0,0.0,1.5,0.0,0,2,1,4.5
905,905,0,0,0.0,1.5,0.0,0,2,1,4.5
906,906,0,0,0.0,1.5,0.0,0,2,1,4.5
907,907,0,0,0.0,1.5,0.0,0,2,1,4.5
908,908,0,0,0.0,1.5,0.0,0,2,1,4.5
909,909,0,0,0.0,1.5,0.0,0,2,1,4.5
910,910,0,0,0.0,1.5,0.0,0,2,1,4.5
911,911,0,0,0.0,1.5,0.0,0,2,1,4.5
912,912,0,0,0.0,1.5,0.0,0,2,1,4.5
913,913,0,0,0.0,1.5,0.0,0,2,1,4.5
914,914,0,0,0.0,1.5,0.0,0,2,1,4.5
915,915,0,0,0.0,1.5,0.0,0,2,1,4.5
916,916,0,0,0.0,1.5,0.0,0,2,1,4.5
917,917,0,0,0.0,1.5,0.0,0,2,1,4.5
918,918,0,0,0.0,1.5,0.0,0,2,1,4.5
919,919,0,0,0.0,1.5,0.0,0,2,1,4.5
920,920,0,0,0.0,1.5,0.0,0,2,1,4.5
921,921,0,0,0.0,1.5,0.0,0,2,1,4.5
922,922,0,0,0.0,1.5,0.0,0,2,1,4.5
923,923,0,0,0.0,1.5,0.0,0,2,1,4.5
924,924,0,0,0.0,1.5,0.0,0,2,1,4.5
925,925,0,0,0.0,1.5,0.0,0,2,1,4.5
926,926,0,0,0.0,1.5,0.0,0,2,1,4.5
927,927,0,0,0.0,1.5,0.0,0,2,1,4.5
928,928,0,0,0.0,1.5,0.0,0,2,1,4.5
929,929,0,0,0.0,1.5,0.0,0,2,1,4.5
930,930,0,0,0.0,1.5,0.0,0,2,1,4.5
931,931,0,0,0.0,1.5,0.0,0,2,1,4.5
932,932,0,0,0.0,1.5,0.0,0,2,1,4.5
933,933,0,0,0.0,1.5,0.0,0,2,1,4.5
934,934,0,0,0.0,1.5,0.0,0,2,1,4.5
935,935,0,0,0.0,1.5,0.0,0,2,1,4.5
936,936,0,0,0.0,1.5,0.0,0,2,1,4.5
937,937,0,0,0.0,1.5,0.0,0,2,1,4.5
938,938,0,0,0.0,1.5,0.0,0,2,1,4.5
939,939,0,0,0.0,1.5,0.0,0,2,1,4.5
940,940,0,0,0.0,1.5,0.0,0,2,1,4.5
941,941,0,0,0.0,1.5,0.0,0,2,1,4.5
942,942,0,0,0.0,1.5,0.0,0,2,1,4.5
943,943,0,0,0.0,1.5,0.0,0,2,1,4.5
944,944,0,0,0.0,1.5,0.0,0,2,1,4.5
945,945,0,0,0.0,1.5,0.0,0,2,1,4.5
946,946,0,0,0.0,1.5,0.0,0,2,1,4.5
947,947,0,0,0.0,1.5,0.0,0,2,1,4.5
948,948,0,0,0.0,1.5,0.0,0,2,1,4.5
949,949,0,0,0.0,1.5,0.0,0,2,1,4.5
950,950,0,0,0.0,1.5,0.0,0,2,1,4.5
951,951,0,0,0.0,1.5,0.0,0,2,1,4.5
952,952,0,0,0.0,1.5,0.0,0,2,1,4.5
953,953,0,0,0.0,1.5,0.0,0,2,1,4.5
954,954,0,0,0.0,1.5,0.0,0,2,1,4.5
955,955,0,0,0.0,1.5,0.0,0,2,1,4.5
956,956,0,0,0.0,1.5,0.0,0,2,1,4.5
957,957,0,0,0.0,1.5,0.0,0,2,1,4.5
958,958,0,0,0.0,1.5,0.0,0,2,1,4.5
959,959,0,0,0.0,1.5,0.0,0,2,1,4.5
960,960,0,0,0.0,1.5,0.0,0,23,1,25.5
961,961,0,0,0.0,1.5,0.0,0,23,1,25.5
962,962,0,0,0.0,1.5,0.0,0,23,1,25.5
963,963,0,0,0.0,1.5,0.0,0,23,1,25.5
964,964,0,0,0.0,1.5,0.0,0,23,1,25.5
965,965,0,0,0.0,1.5,0.0,0,23,1,25.5
966,966,0,0,0.0,1.5,0.0,0,23,1,25.5
967,967,0,0,0.0,1.5,0.0,0,23,1,25.5
968,968,0,0,0.0,1.5,0.0,0,23,1,25.5
969,969,0,0,0.0,1.5,0.0,0,23,1,25.5
970,970,0,0,0.0,1.5,0.0,0,23,1,25.5
971,971,0,0,0.0,1.5,0.0,0,23,1,25.5
972,972,0,0,0.0,1.5,0.0,0,23,1,25.5
973,973,0,0,0.0,1.5,0.0,0,23,1,25.5
974,974,0,0,0.0,1.5,0.0,0,23,1,25.5
975,975,0,0,0.0,1.5,0.0,0,23,1,25.5
976,976,0,0,0.0,1.5,0.0,0,23,1,25.5
977,977,0,0,0.0,1.5,0.0,0,23,1,25.5
978,978,0,0,0.0,1.5,0.0,0,23,1,25.5
979,979,0,0,0.0,1.5,0.0,0,23,1,25.5
980,980,0,0,0.0,1.5,0.0,0,23,1,25.5
981,981,0,0,0.0,1.5,0.0,0,23,1,25.5
982,982,0,0,0.0,1.5,0.0,0,23,1,25.5
983,983,0,0,0.0,1.5,0.0,0,23,1,25.5
984,984,0,0,0.0,1.5,0.0,0,23,1,25.5
985,985,0,0,0.0,1.5,0.0,0,23,1,25.5
986,986,0,0,0.0,1.5,0.0,0,23,1,25.5
987,987,0,0,0.0,1.5,0.0,0,23,1,25.5
988,988,0,0,0.0,1.5,0.0,0,23,1,25.5
989,989,0,0,0.0,1.5,0.0,0,23,1,25.5
990,990,0,0,0.0,1.5,0.0,0,2,1,4.5
991,991,0,0,0.0,1.5,0.0,0,2,1,4.5
992,992,0,0,0.0,1.5,0.0,0,2,1,4.5
993,993,0,0,0.0,1.5,0.0,0,2,1,4.5
994,994,0,0,0.0,1.5,0.0,0,2,1,4.5
995,995,0,0,0.0,1.5,0.0,0,2,1,4.5
996,996,0,0,0.0,1.5,0.0,0,2,1,4.5
997,997,0,0,0.0,1.5,0.0,0,2,1,4.5
998,998,0,0,0.0,1.5,0.0,0,2,1,4.5
999,999,0,0,0.0,1.5,0.0,0,2,1,4.5
1000,1000,0,0,0.0,1.5,0.0,0,2,1,4.5
1001,1001,0,0,0.0,1.5,0.0,0,2,1,4.5
1002,1002,0,0,0.0,1.5,0.0,0,2,1,4.5
1003,1003,0,0,0.0,1.5,0.0,0,2,1,4.5
1004,1004,0,0,0.0,1.5,0.0,0,2,1,4.5
1005,1005,0,0,0.0,1.5,0.0,0,2,1,4.5
1006,1006,0,0,0.0,1.5,0.0,0,2,1,4.5
1007,1007,0,0,0.0,1.5,0.0,0,2,1,4.5
1008,1008,0,0,0.0,1.5,0.0,0,2,1,4.5
1009,1009,0,0,0.0,1.5,0.0,0,2,1,4.5
1010,1010,0,0,0.0,1.5,0.0,0,2,1,4.5
1011,1011,0,0,0.0,1.5,0.0,0,2,1,4.5
1012,1012,0,0,0.0,1.5,0.0,0,2,1,4.5
1013,1013,0,0,0.0,1.5,0.0,0,2,1,4.5
1014,1014,0,0,0.0,1.5,0.0,0,2,1,4.5
1015,1015,0,0,0.0,1.5,0.0,0,2,1,4.5
1016,1016,0,0,0.0,1.5,0.0,0,2,1,4.5
1017,1017,0,0,0.0,1.5,0.0,0,2,1,4.5
1018,1018,0,0,0.0,1.5,0.0,0,2,1,4.5
1019,1019,0,0,0.0,1.5,0.0,0,2,1,4.5
1020,1020,0,0,0.0,1.5,0.0,0,23,1,25.5
1021,1021,0,0,0.0,1.5,0.0,0,23,1,25.5
1022,1022,0,0,0.0,1.5,0.0,0,23,1,25.5
1023,1023,0,0,0.0,1.5,0.0,0,23,1,25.5
1024,1024,0,0,0.0,1.5,0.0,0,23,1,25.5
1025,1025,0,0,0.0,1.5,0.0,0,23,1,25.5
1026,1026,0,0,0.0,1.5,0.0,0,23,1,25.5
1027,1027,0,0,0.0,1.5,0.0,0,23,1,25.5
1028,1028,0,0,0.0,1.5,0.0,0,23,1,25.5
1029,1029,0,0,0.0,1.5,0.0,0,23,1,25.5
1030,1030,0,0,0.0,1.5,0.0,0,23,1,25.5
1031,1031,0,0,0.0,1.5,0.0,0,23,1,25.5
1032,1032,0,0,0.0,1.5,0.0,0,23,1,25.5
1033,1033,0,0,0.0,1.5,0.0,0,23,1,25.5
1034,1034,0,0,0.0,1.5,0.0,0,23,1,25.5
1035,1035,0,0,0.0,1.5,0.0,0,23,1,25.5
1036,1036,0,0,0.0,1.5,0.0,0,23,1,25.5
1037,1037,0,0,0.0,1.5,0.0,0,23,1,25.5
1038,1038,0,0,0.0,1.5,0.0,0,23,1,25.5
1039,1039,0,0,0.0,1.5,0.0,0,23,1,25.5
1040,1040,0,0,0.0,1.5,0.0,0,23,1,25.5
1041,1041,0,0,0.0,1.5,0.0,0,23,1,25.5
1042,1042,0,0,0.0,1.5,0.0,0,23,1,25.5
1043,1043,0,0,0.0,1.5,0.0,0,23,1,25.5
1044,1044,0,0,0.0,1.5,0.0,0,23,1,25.5
1045,1045,0,0,0.0,1.5,0.0,0,23,1,25.5
1046,1046,0,0,0.0,1.5,0.0,0,23,1,25.5
1047,1047,0,0,0.0,1.5,0.0,0,23,1,25.5
1048,1048,0,0,0.0,1.5,0.0,0,23,1,25.5
1049,1049,0,0,0.0,1.5,0.0,0,23,1,25.5
1050,1050,0,0,0.0,1.5,0.0,0,2,1,4.5
1051,1051,0,0,0.0,1.5,0.0,0,2,1,4.5
1052,1052,0,0,0.0,1.5,0.0,0,2,1,4.5
1053,1053,0,0,0.0,1.5,0.0,0,2,1,4.5
1054,1054,0,0,0.0,1.5,0.0,0,2,1,4.5
1055,1055,0,0,0.0,1.5,0.0,0,2,1,4.5
1056,1056,0,0,0.0,1.5,0.0,0,2,1,4.5
1057,1057,0,0,0.0,1.5,0.0,0,2,1,4.5
1058,1058,0,0,0.0,1.5,0.0,0,2,1,4.5
1059,1059,0,0,0.0,1.5,0.0,0,2,1,4.5
1060,1060,0,0,0.0,1.5,0.0,0,2,1,4.5
1061,1061,0,0,0.0,1.5,0.0,0,2,1,4.5
1062,1062,0,0,0.0,1.5,0.0,0,2,1,4.5
1063,1063,0,0,0.0,1.5,0.0,0,2,1,4.5
1064,1064,0,0,0.0,1.5,0.0,0,2,1,4.5
1065,1065,0,0,0.0,1.5,0.0,0,2,1,4.5
1066,1066,0,0,0.0,1.5,0.0,0,2,1,4.5
1067,1067,0,0,0.0,1.5,0.0,0,2,1,4.5
1068,1068,0,0,0.0,1.5,0.0,0,2,1,4.5
1069,1069,0,0,0.0,1.5,0.0,0,2,1,4.5
1070,1070,0,0,0.0,1.5,0.0,0,2,1,4.5
1071,1071,0,0,0.0,1.5,0.0,0,2,1,4.5
1072,1072,0,0,0.0,1.5,0.0,0,2,1,4.5
1073,1073,0,0,0.0,1.5,0.0,0,2,1,4.5
1074,1074,0,0,0.0,1.5,0.0,0,2,1,4.5
1075,1075,0,0,0.0,1.5,0.0,0,2,1,4.5
1076,1076,0,0,0.0,1.5,0.0,0,2,1,4.5
1077,1077,0,0,0.0,1.5,0.0,0,2,1,4.5
1078,1078,0,0,0.0,1.5,0.0,0,2,1,4.5
1079,1079,0,0,0.0,1.5,0.0,0,2,1,4.5
1080,1080,0,0,40.0,8.0,0.0,0,23,1,72.0
1081,1081,0,0,30.0,8.0,0.0,0,23,1,62.0
1082,1082,0,0,20.0,8.0,0.0,0,23,1,52.0
1083,1083,0,0,10.0,8.0,0.0,0,23,1,42.0
1084,1084,0,0,0.0,8.0,0.0,0,23,1,32.0
1085,1085,0,0,40.0,8.0,0.0,0,23,1,72.0
1086,1086,0,0,39.904458598726116,8.0,0.0,0,23,1,71.90445859872611
1087,1087,0,0,39.80891719745223,8.0,0.0,0,23,1,71.80891719745223
1088,1088,0,0,39.71337579617835,8.0,0.0,0,23,1,71.71337579617835
1089,1089,0,0,39.617834394904456,8.0,0.0,0,23,1,71.61783439490446
1090,1090,0,0,39.52229299363057,8.0,0.0,0,23,1,71.52229299363057
1091,1091,0,0,39.42675159235669,8.0,0.0,0,23,1,71.42675159235668
1092,1092,0,0,39.3312101910828,8.0,0.0,0,23,1,71.3312101910828
1093,1093,0,0,39.23566878980892,8.0,0.0,0,23,1,71.23566878980893
1094,1094,0,0,39.140127388535035,8.0,0.0,0,23,1,71.14012738853503
1095,1095,0,0,39.044585987261144,8.0,0.0,33,23,1,104.04458598726114
1096,1096,0,0,38.94904458598726,8.0,0.0,33,23,1,103.94904458598725
1097,1097,0,0,38.853503184713375,8.0,0.0,33,23,1,103.85350318471338
1098,1098,0,0,38.75796178343949,8.0,0.0,33,23,1,103.7579617834395
1099,1099,0,0,38.66242038216561,8.0,0.0,33,23,1,103.6624203821656
1100,1100,0,0,38.56687898089172,8.0,0.0,33,23,1,103.56687898089172
1101,1101,0,0,38.47133757961783,8.0,0.0,33,23,1,103.47133757961782
1102,1102,0,0,38.37579617834395,8.0,0.0,33,23,1,103.37579617834395
1103,1103,0,0,38.28025477707006,8.0,0.0,33,23,1,103.28025477707007
1104,1104,0,0,38.18471337579618,8.0,0.0,33,23,1,103.18471337579618
1105,1105,0,0,38.089171974522294,8.0,0.0,33,23,1,103.08917197452229
1106,1106,0,0,37.99363057324841,8.0,0.0,33,23,1,102.99363057324841
1107,1107,0,0,37.89808917197452,8.0,0.0,33,23,1,102.89808917197452
1108,1108,0,0,37.802547770700635,8.0,0.0,33,23,1,102.80254777070064
1109,1109,0,0,37.70700636942675,8.0,0.0,33,23,1,102.70700636942675
1110,1110,0,0,37.611464968152866,8.0,0.0,33,2,1,81.61146496815286
1111,1111,0,0,37.51592356687898,8.0,0.0,33,2,1,81.51592356687898
1112,1112,0,0,37.4203821656051,8.0,0.0,33,2,1,81.4203821656051
1113,1113,0,0,37.32484076433121,8.0,0.0,33,2,1,81.32484076433121
1114,1114,0,0,37.22929936305732,8.0,0.0,33,2,1,81.22929936305732
1115,1115,0,0,37.13375796178344,8.0,0.0,33,2,1,81.13375796178343
1116,1116,0,0,37.038216560509554,8.0,0.0,33,2,1,81.03821656050955
1117,1117,0,0,36.94267515923567,8.0,0.0,33,2,1,80.94267515923568
1118,1118,0,0,36.847133757961785,8.0,0.0,33,2,1,80.84713375796179
1119,1119,0,0,36.7515923566879,8.0,0.0,33,2,1,80.7515923566879
1120,1120,0,0,36.65605095541401,8.0,0.0,33,2,1,80.656050955414
1121,1121,0,0,36.560509554140125,8.0,0.0,33,2,1,80.56050955414013
1122,1122,0,0,36.46496815286624,8.0,0.0,33,2,1,80.46496815286625
1123,1123,0,0,36.36942675159236,8.0,0.0,33,2,1,80.36942675159236
1124,1124,0,0,36.27388535031847,8.0,0.0,33,2,1,80.27388535031847
1125,1125,0,0,36.17834394904459,8.0,0.0,33,2,1,80.17834394904459
1126,1126,0,0,36.0828025477707,8.0,0.0,33,2,1,80.0828025477707
1127,1127,0,0,35.98726114649681,8.0,0.0,33,2,1,79.98726114649682
1128,1128,0,0,35.89171974522293,8.0,0.0,33,2,1,79.89171974522293
1129,1129,0,0,35.796178343949045,8.0,0.0,33,2,1,79.79617834394904
1130,1130,0,0,35.70063694267516,8.0,0.0,33,2,1,79.70063694267516
1131,1131,0,0,35.605095541401276,8.0,0.0,33,2,1,79.60509554140128
1132,1132,0,0,35.50955414012739,8.0,0.0,33,2,1,79.50955414012739
1133,1133,0,0,35.4140127388535,8.0,0.0,33,2,1,79.4140127388535
1134,1134,0,0,35.318471337579616,8.0,0.0,33,2,1,79.31847133757961
1135,1135,0,0,35.22292993630573,8.0,0.0,33,2,1,79.22292993630573
1136,1136,0,0,35.12738853503185,8.0,0.0,33,2,1,79.12738853503186
1137,1137,0,0,35.031847133757964,8.0,0.0,33,2,1,79.03184713375796
1138,1138,0,0,34.93630573248407,8.0,0.0,33,2,1,78.93630573248407
1139,1139,0,0,34.84076433121019,8.0,0.0,33,2,1,78.84076433121018
1140,1140,0,0,34.745222929936304,8.0,0.0,33,23,1,99.7452229299363
1141,1141,0,0,34.64968152866242,8.0,0.0,33,23,1,99.64968152866243
1142,1142,0,0,34.554140127388536,8.0,0.0,33,23,1,99.55414012738854
1143,1143,0,0,34.45859872611465,8.0,0.0,33,23,1,99.45859872611464
1144,1144,0,0,34.36305732484077,8.0,0.0,33,23,1,99.36305732484077
1145,1145,0,0,34.267515923566876,8.0,0.0,33,23,1,99.26751592356688
1146,1146,0,0,34.17197452229299,8.0,0.0,33,23,1,99.171974522293
1147,1147,0,0,34.07643312101911,8.0,0.0,33,23,1,99.07643312101911
1148,1148,0,0,33.98089171974522,8.0,0.0,33,23,1,98.98089171974522
1149,1149,0,0,33.88535031847134,8.0,0.0,33,23,1,98.88535031847134
1150,1150,0,0,33.789808917197455,8.0,0.0,33,23,1,98.78980891719746
1151,1151,0,0,33.69426751592356,8.0,0.0,33,23,1,98.69426751592357
1152,1152,0,0,33.59872611464968,8.0,0.0,33,23,1,98.59872611464968
1153,1153,0,0,33.503184713375795,8.0,0.0,33,23,1,98.50318471337579
1154,1154,0,0,33.40764331210191,8.0,0.0,33,23,1,98.40764331210191
1155,1155,0,0,33.31210191082803,8.0,0.0,0,23,1,65.31210191082803
1156,1156,0,0,33.21656050955414,8.0,0.0,0,23,1,65.21656050955414
1157,1157,0,0,33.12101910828025,8.0,0.0,0,23,1,65.12101910828025
1158,1158,0,0,33.02547770700637,8.0,0.0,0,23,1,65.02547770700636
1159,1159,0,0,32.92993630573248,8.0,0.0,0,23,1,64.92993630573248
1160,1160,0,0,32.8343949044586,8.0,0.0,0,23,1,64.8343949044586
1161,1161,0,0,32.738853503184714,8.0,0.0,0,23,1,64.73885350318471
1162,1162,0,0,32.64331210191083,8.0,0.0,0,23,1,64.64331210191082
1163,1163,0,0,32.547770700636946,8.0,0.0,0,23,1,64.54777070063695
1164,1164,0,0,32.452229299363054,8.0,0.0,0,23,1,64.45222929936305
1165,1165,0,0,32.35668789808917,8.0,0.0,0,23,1,64.35668789808918
1166,1166,0,0,32.261146496815286,8.0,0.0,0,23,1,64.26114649681529
1167,1167,0,0,32.1656050955414,8.0,0.0,0,23,1,64.1656050955414
1168,1168,0,0,32.07006369426752,8.0,0.0,0,23,1,64.07006369426752
1169,1169,0,0,31.97452229299363,8.0,0.0,0,23,1,63.974522292993626
1170,1170,0,0,31.878980891719745,8.0,0.0,0,2,1,42.87898089171975
1171,1171,0,0,31.783439490445858,8.0,0.0,0,2,1,42.78343949044586
1172,1172,0,0,31.687898089171973,8.0,0.0,0,2,1,42.68789808917197
1173,1173,0,0,31.59235668789809,8.0,0.0,0,2,1,42.59235668789809
1174,1174,0,0,31.496815286624205,8.0,0.0,0,2,1,42.496815286624205
1175,1175,0,0,31.401273885350317,8.0,0.0,0,2,1,42.40127388535032
1176,1176,0,0,31.305732484076433,8.0,0.0,0,2,1,42.30573248407643
1177,1177,0,0,31.210191082802545,8.0,0.0,0,2,1,42.210191082802545
1178,1178,0,0,31.11464968152866,8.0,0.0,0,2,1,42.11464968152866
1179,1179,0,0,31.019108280254777,8.0,0.0,0,2,1,42.01910828025478
1180,1180,0,0,30.923566878980893,8.0,0.0,0,2,1,41.92356687898089
1181,1181,0,0,30.828025477707005,8.0,0.0,0,2,1,41.828025477707
1182,1182,0,0,30.73248407643312,8.0,0.0,0,2,1,41.732484076433124
1183,1183,0,0,30.636942675159233,8.0,0.0,0,2,1,41.63694267515923
1184,1184,0,0,30.54140127388535,8.0,0.0,0,2,1,41.54140127388535
1185,1185,0,0,30.445859872611464,8.0,0.0,0,2,1,41.445859872611464
1186,1186,0,0,30.35031847133758,8.0,0.0,0,2,1,41.35031847133758
1187,1187,0,0,30.254777070063696,8.0,0.0,0,2,1,41.254777070063696
1188,1188,0,0,30.159235668789808,8.0,0.0,0,2,1,41.159235668789805
1189,1189,0,0,30.06369426751592,8.0,0.0,0,2,1,41.06369426751592
1190,1190,0,0,29.968152866242036,8.0,0.0,0,2,1,40.968152866242036
1191,1191,0,0,29.872611464968152,8.0,0.0,0,2,1,40.87261146496815
1192,1192,0,0,29.777070063694268,8.0,0.0,0,2,1,40.77707006369427
1193,1193,0,0,29.681528662420384,8.0,0.0,0,2,1,40.681528662420384
1194,1194,0,0,29.585987261146496,8.0,0.0,0,2,1,40.5859872611465
1195,1195,0,0,29.49044585987261,8.0,0.0,0,2,1,40.49044585987261
1196,1196,0,0,29.394904458598724,8.0,0.0,0,2,1,40.394904458598724
1197,1197,0,0,29.29936305732484,8.0,0.0,0,2,1,40.29936305732484
1198,1198,0,0,29.203821656050955,8.0,0.0,0,2,1,40.203821656050955
1199,1199,0,0,29.10828025477707,8.0,0.0,0,2,1,40.10828025477707
1200,1200,0,0,29.012738853503183,8.0,1.5,0,23,1,62.51273885350318
1201,1201,0,0,28.9171974522293,8.0,1.5,0,23,1,62.4171974522293
1202,1202,0,0,28.82165605095541,8.0,1.5,0,23,1,62.32165605095541
1203,1203,0,0,28.726114649681527,8.0,1.5,0,23,1,62.22611464968153
1204,1204,0,0,28.630573248407643,8.0,1.5,0,23,1,62.13057324840764
1205,1205,0,0,28.53503184713376,8.0,1.5,0,23,1,62.03503184713376
1206,1206,0,0,28.43949044585987,8.0,1.5,0,23,1,61.939490445859875
1207,1207,0,0,28.343949044585987,8.0,1.5,0,23,1,61.84394904458598
1208,1208,0,0,28.2484076433121,8.0,1.5,0,23,1,61.7484076433121
1209,1209,0,0,28.152866242038215,8.0,1.5,0,23,1,61.652866242038215
1210,1210,0,0,28.05732484076433,8.0,1.5,0,23,1,61.55732484076433
1211,1211,0,0,27.961783439490446,8.0,1.5,0,23,1,61.461783439490446
1212,1212,0,0,27.866242038216562,8.0,1.5,0,23,1,61.36624203821656
1213,1213,0,0,27.770700636942674,8.0,1.5,0,23,1,61.27070063694268
1214,1214,0,0,27.675159235668787,8.0,1.5,0,23,1,61.17515923566879
1215,1215,0,0,27.579617834394902,8.0,1.5,0,23,1,61.0796178343949
1216,1216,0,0,27.484076433121018,8.0,1.5,0,23,1,60.98407643312102
1217,1217,0,0,27.388535031847134,8.0,1.5,0,23,1,60.888535031847134
1218,1218,0,0,27.29299363057325,8.0,1.5,0,23,1,60.79299363057325
1219,1219,0,0,27.197452229299362,8.0,1.5,0,23,1,60.69745222929936
1220,1220,0,0,27.101910828025478,8.0,1.5,0,23,1,60.60191082802548
1221,1221,0,0,27.00636942675159,8.0,1.5,0,23,1,60.50636942675159
1222,1222,0,0,26.910828025477706,8.0,1.5,0,23,1,60.410828025477706
1223,1223,0,0,26.81528662420382,8.0,1.5,0,23,1,60.31528662420382
1224,1224,0,0,26.719745222929937,8.0,1.5,0,23,1,60.21974522292994
1225,1225,0,0,26.62420382165605,8.0,1.5,0,23,1,60.12420382165605
1226,1226,0,0,26.528662420382165,8.0,1.5,0,23,1,60.02866242038216
1227,1227,0,0,26.433121019108277,8.0,1.5,0,23,1,59.93312101910828
1228,1228,0,0,26.337579617834393,8.0,1.5,0,23,1,59.83757961783439
1229,1229,0,0,26.24203821656051,8.0,1.5,0,23,1,59.74203821656051
1230,1230,0,0,26.146496815286625,8.0,1.5,0,2,1,38.646496815286625
1231,1231,0,0,26.050955414012737,8.0,1.5,0,2,1,38.55095541401273
1232,1232,0,0,25.955414012738853,8.0,1.5,0,2,1,38.455414012738856
1233,1233,0,0,25.859872611464965,8.0,1.5,0,2,1,38.359872611464965
1234,1234,0,0,25.76433121019108,8.0,1.5,0,2,1,38.26433121019108
1235,1235,0,0,25.668789808917197,8.0,1.5,0,2,1,38.1687898089172
1236,1236,0,0,25.573248407643312,8.0,1.5,0,2,1,38.07324840764331
1237,1237,0,0,25.477707006369428,8.0,1.5,0,2,1,37.97770700636943
1238,1238,0,0,25.38216560509554,8.0,1.5,0,2,1,37.88216560509554
1239,1239,0,0,25.286624203821653,8.0,1.5,0,2,1,37.78662420382165
1240,1240,0,0,25.19108280254777,8.0,1.5,0,2,1,37.69108280254777
1241,1241,0,0,25.095541401273884,8.0,1.5,0,2,1,37.595541401273884
1242,1242,0,0,25.0,8.0,1.5,0,2,1,37.5
1243,1243,0,0,24.904458598726116,8.0,1.5,0,2,1,37.404458598726116
1244,1244,0,0,24.808917197452228,8.0,1.5,0,2,1,37.30891719745223
1245,1245,0,0,24.713375796178344,8.0,1.5,0,2,1,37.21337579617834
1246,1246,0,0,24.617834394904456,8.0,1.5,0,2,1,37.117834394904456
1247,1247,0,0,24.522292993630572,8.0,1.5,0,2,1,37.02229299363057
1248,1248,0,0,24.426751592356688,8.0,1.5,0,2,1,36.92675159235669
1249,1249,0,0,24.331210191082803,8.0,1.5,0,2,1,36.8312101910828
1250,1250,0,0,24.235668789808916,8.0,1.5,0,2,1,36.73566878980891
1251,1251,0,0,24.14012738853503,8.0,1.5,0,2,1,36.640127388535035
1252,1252,0,0,24.044585987261144,8.0,1.5,0,2,1,36.544585987261144
1253,1253,0,0,23.94904458598726,8.0,1.5,0,2,1,36.44904458598726
1254,1254,0,0,23.853503184713375,8.0,1.5,0,2,1,36.353503184713375
1255,1255,0,0,23.75796178343949,8.0,1.5,0,2,1,36.25796178343949
1256,1256,0,0,23.662420382165603,8.0,1.5,0,2,1,36.16242038216561
1257,1257,0,0,23.56687898089172,8.0,1.5,0,2,1,36.066878980891715
1258,1258,0,0,23.471337579617835,8.0,1.5,0,2,1,35.97133757961784
1259,1259,0,0,23.375796178343947,8.0,1.5,0,2,1,35.87579617834395
1260,1260,0,0,23.280254777070063,8.0,1.5,0,23,1,56.78025477707006
1261,1261,0,0,23.18471337579618,8.0,1.5,0,23,1,56.68471337579618
1262,1262,0,0,23.08917197452229,8.0,1.5,0,23,1,56.58917197452229
1263,1263,0,0,22.993630573248407,8.0,1.5,0,23,1,56.49363057324841
1264,1264,0,0,22.898089171974522,8.0,1.5,0,23,1,56.39808917197452
1265,1265,0,0,22.802547770700635,8.0,1.5,0,23,1,56.302547770700635
1266,1266,0,0,22.70700636942675,8.0,1.5,0,23,1,56.20700636942675
1267,1267,0,0,22.611464968152866,8.0,1.5,0,23,1,56.111464968152866
1268,1268,0,0,22.51592356687898,8.0,1.5,0,23,1,56.01592356687898
1269,1269,0,0,22.420382165605094,8.0,1.5,0,23,1,55.92038216560509
1270,1270,0,0,22.32484076433121,8.0,1.5,0,23,1,55.82484076433121
1271,1271,0,0,22.229299363057322,8.0,1.5,0,23,1,55.72929936305732
1272,1272,0,0,22.133757961783438,8.0,1.5,0,23,1,55.63375796178344
1273,1273,0,0,22.038216560509554,8.0,1.5,0,23,1,55.538216560509554
1274,1274,0,0,21.942675159235666,8.0,1.5,0,23,1,55.44267515923566
1275,1275,0,0,21.84713375796178,8.0,1.5,0,23,1,55.347133757961785
1276,1276,0,0,21.751592356687897,8.0,1.5,0,23,1,55.251592356687894
1277,1277,0,0,21.65605095541401,8.0,1.5,0,23,1,55.15605095541401
1278,1278,0,0,21.560509554140125,8.0,1.5,0,23,1,55.060509554140125
1279,1279,0,0,21.46496815286624,8.0,1.5,0,23,1,54.96496815286624
1280,1280,0,0,21.369426751592357,8.0,1.5,0,23,1,54.86942675159236
1281,1281,0,0,21.27388535031847,8.0,1.5,0,23,1,54.773885350318466
1282,1282,0,0,21.178343949044585,8.0,1.5,0,23,1,54.67834394904459
1283,1283,0,0,21.0828025477707,8.0,1.5,0,23,1,54.5828025477707
1284,1284,0,0,20.987261146496813,8.0,1.5,0,23,1,54.48726114649681
1285,1285,0,0,20.89171974522293,8.0,1.5,0,23,1,54.39171974522293
1286,1286,0,0,20.796178343949045,8.0,1.5,0,23,1,54.296178343949045
1287,1287,0,0,20.700636942675157,8.0,1.5,0,23,1,54.20063694267516
1288,1288,0,0,20.605095541401273,8.0,1.5,0,23,1,54.10509554140127
1289,1289,0,0,20.50955414012739,8.0,1.5,0,23,1,54.00955414012739
1290,1290,0,0,20.4140127388535,8.0,1.5,0,2,1,32.9140127388535
1291,1291,0,0,20.318471337579616,8.0,1.5,0,2,1,32.818471337579616
1292,1292,0,0,20.222929936305732,8.0,1.5,0,2,1,32.72292993630573
1293,1293,0,0,20.127388535031844,8.0,1.5,0,2,1,32.62738853503184
1294,1294,0,0,20.03184713375796,8.0,1.5,0,2,1,32.531847133757964
1295,1295,0,0,19.936305732484076,8.0,1.5,0,2,1,32.43630573248407
1296,1296,0,0,19.84076433121019,8.0,1.5,0,2,1,32.34076433121019
1297,1297,0,0,19.745222929936304,8.0,1.5,0,2,1,32.245222929936304
1298,1298,0,0,19.64968152866242,8.0,1.5,0,2,1,32.14968152866242
1299,1299,0,0,19.554140127388532,8.0,1.5,0,2,1,32.054140127388536
1300,1300,0,0,19.458598726114648,8.0,1.5,0,2,1,31.958598726114648
1301,1301,0,0,19.363057324840764,8.0,1.5,0,2,1,31.863057324840764
1302,1302,0,0,19.267515923566876,8.0,1.5,0,2,1,31.767515923566876
1303,1303,0,0,19.17197452229299,8.0,1.5,0,2,1,31.67197452229299
1304,1304,0,0,19.076433121019107,8.0,1.5,0,2,1,31.576433121019107
1305,1305,0,0,18.980891719745223,8.0,1.5,0,2,1,31.480891719745223
1306,1306,0,0,18.885350318471335,8.0,1.5,0,2,1,31.385350318471335
1307,1307,0,0,18.78980891719745,8.0,1.5,0,2,1,31.28980891719745
1308,1308,0,0,18.694267515923567,8.0,1.5,0,2,1,31.194267515923567
1309,1309,0,0,18.59872611464968,8.0,1.5,0,2,1,31.09872611464968
1310,1310,0,0,18.503184713375795,8.0,1.5,0,2,1,31.003184713375795
1311,1311,0,0,18.40764331210191,8.0,1.5,0,2,1,30.90764331210191
1312,1312,0,0,18.312101910828023,8.0,1.5,0,2,1,30.812101910828023
1313,1313,0,0,18.21656050955414,8.0,1.5,0,2,1,30.71656050955414
1314,1314,0,0,18.121019108280255,8.0,1.5,0,2,1,30.621019108280255
1315,1315,0,0,18.025477707006367,8.0,1.5,0,2,1,30.525477707006367
1316,1316,0,0,17.929936305732483,8.0,1.5,0,2,1,30.429936305732483
1317,1317,0,0,17.8343949044586,8.0,1.5,0,2,1,30.3343949044586
1318,1318,0,0,17.73885350318471,8.0,1.5,0,2,1,30.23885350318471
1319,1319,0,0,17.643312101910826,8.0,1.5,0,2,1,30.143312101910826
1320,1320,0,0,17.547770700636942,1.5,0.0,0,23,1,43.047770700636946
1321,1321,0,0,17.452229299363054,1.5,0.0,0,23,1,42.952229299363054
1322,1322,0,0,17.35668789808917,1.5,0.0,0,23,1,42.85668789808917
1323,1323,0,0,17.261146496815286,1.5,0.0,0,23,1,42.761146496815286
1324,1324,0,0,17.165605095541398,1.5,0.0,0,23,1,42.665605095541395
1325,1325,0,0,17.070063694267514,1.5,0.0,0,23,1,42.57006369426752
1326,1326,0,0,16.97452229299363,1.5,0.0,0,23,1,42.474522292993626
1327,1327,0,0,16.878980891719742,1.5,0.0,0,23,1,42.37898089171974
1328,1328,0,0,16.783439490445858,1.5,0.0,0,23,1,42.28343949044586
1329,1329,0,0,16.687898089171973,1.5,0.0,0,23,1,42.18789808917197
1330,1330,0,0,16.59235668789809,1.5,0.0,0,23,1,42.09235668789809
1331,1331,0,0,16.4968152866242,1.5,0.0,0,23,1,41.9968152866242
1332,1332,0,0,16.401273885350317,1.5,0.0,0,23,1,41.90127388535032
1333,1333,0,0,16.305732484076433,1.5,0.0,0,23,1,41.80573248407643
1334,1334,0,0,16.210191082802545,1.5,0.0,0,23,1,41.710191082802545
1335,1335,0,0,16.11464968152866,1.5,0.0,0,23,1,41.61464968152866
1336,1336,0,0,16.019108280254777,1.5,0.0,0,23,1,41.51910828025478
1337,1337,0,0,15.923566878980889,1.5,0.0,0,23,1,41.42356687898089
1338,1338,0,0,15.828025477707005,1.5,0.0,0,23,1,41.328025477707
1339,1339,0,0,15.73248407643312,1.5,0.0,0,23,1,41.232484076433124
1340,1340,0,0,15.636942675159233,1.5,0.0,0,23,1,41.13694267515923
1341,1341,0,0,15.541401273885349,1.5,0.0,0,23,1,41.04140127388535
1342,1342,0,0,15.445859872611464,1.5,0.0,0,23,1,40.945859872611464
1343,1343,0,0,15.350318471337577,1.5,0.0,0,23,1,40.85031847133757
1344,1344,0,0,15.254777070063692,1.5,0.0,0,23,1,40.754777070063696
1345,1345,0,0,15.159235668789808,1.5,0.0,0,23,1,40.659235668789805
1346,1346,0,0,15.06369426751592,1.5,0.0,0,23,1,40.56369426751592
1347,1347,0,0,14.968152866242036,1.5,0.0,0,23,1,40.468152866242036
1348,1348,0,0,14.872611464968152,1.5,0.0,0,23,1,40.37261146496815
1349,1349,0,0,14.777070063694264,1.5,0.0,0,23,1,40.27707006369427
1350,1350,0,0,14.68152866242038,1.5,0.0,0,2,1,19.18152866242038
1351,1351,0,0,14.585987261146496,1.5,0.0,0,2,1,19.085987261146496
1352,1352,0,0,14.490445859872608,1.5,0.0,0,2,1,18.990445859872608
1353,1353,0,0,14.394904458598724,1.5,0.0,0,2,1,18.894904458598724
1354,1354,0,0,14.29936305732484,1.5,0.0,0,2,1,18.79936305732484
1355,1355,0,0,14.203821656050955,1.5,0.0,0,2,1,18.703821656050955
1356,1356,0,0,14.108280254777068,1.5,0.0,0,2,1,18.608280254777068
1357,1357,0,0,14.012738853503183,1.5,0.0,0,2,1,18.512738853503183
1358,1358,0,0,13.9171974522293,1.5,0.0,0,2,1,18.4171974522293
1359,1359,0,0,13.821656050955411,1.5,0.0,0,2,1,18.32165605095541
1360,1360,0,0,13.726114649681527,1.5,0.0,0,2,1,18.226114649681527
1361,1361,0,0,13.630573248407643,1.5,0.0,0,2,1,18.130573248407643
1362,1362,0,0,13.535031847133755,1.5,0.0,0,2,1,18.035031847133755
1363,1363,0,0,13.439490445859871,1.5,0.0,0,2,1,17.93949044585987
1364,1364,0,0,13.343949044585987,1.5,0.0,0,2,1,17.843949044585987
1365,1365,0,0,13.248407643312099,1.5,0.0,0,2,1,17.7484076433121
1366,1366,0,0,13.152866242038215,1.5,0.0,0,2,1,17.652866242038215
1367,1367,0,0,13.05732484076433,1.5,0.0,0,2,1,17.55732484076433
1368,1368,0,0,12.961783439490443,1.5,0.0,0,2,1,17.461783439490443
1369,1369,0,0,12.866242038216559,1.5,0.0,0,2,1,17.36624203821656
1370,1370,0,0,12.770700636942674,1.5,0.0,0,2,1,17.270700636942674
1371,1371,0,0,12.675159235668787,1.5,0.0,0,2,1,17.175159235668787
1372,1372,0,0,12.579617834394902,1.5,0.0,0,2,1,17.079617834394902
1373,1373,0,0,12.484076433121018,1.5,0.0,0,2,1,16.984076433121018
1374,1374,0,0,12.38853503184713,1.5,0.0,0,2,1,16.88853503184713
1375,1375,0,0,12.292993630573246,1.5,0.0,0,2,1,16.792993630573246
1376,1376,0,0,12.197452229299362,1.5,0.0,0,2,1,16.697452229299362
1377,1377,0,0,12.101910828025474,1.5,0.0,0,2,1,16.601910828025474
1378,1378,0,0,12.00636942675159,1.5,0.0,0,2,1,16.50636942675159
1379,1379,0,0,11.910828025477706,1.5,0.0,0,2,1,16.410828025477706
1380,1380,0,0,11.815286624203821,1.5,0.0,0,23,1,37.31528662420382
1381,1381,0,0,11.719745222929934,1.5,0.0,0,23,1,37.21974522292993
1382,1382,0,0,11.62420382165605,1.5,0.0,0,23,1,37.12420382165605
1383,1383,0,0,11.528662420382165,1.5,0.0,0,23,1,37.02866242038216
1384,1384,0,0,11.433121019108277,1.5,0.0,0,23,1,36.93312101910828
1385,1385,0,0,11.337579617834393,1.5,0.0,0,23,1,36.83757961783439
1386,1386,0,0,11.242038216560509,1.5,0.0,0,23,1,36.74203821656051
1387,1387,0,0,11.146496815286621,1.5,0.0,0,23,1,36.646496815286625
1388,1388,0,0,11.050955414012737,1.5,0.0,0,23,1,36.55095541401273
1389,1389,0,0,10.955414012738853,1.5,0.0,0,23,1,36.455414012738856
1390,1390,0,0,10.859872611464965,1.5,0.0,0,23,1,36.359872611464965
1391,1391,0,0,10.76433121019108,1.5,0.0,0,23,1,36.26433121019108
1392,1392,0,0,10.668789808917197,1.5,0.0,0,23,1,36.1687898089172
1393,1393,0,0,10.573248407643309,1.5,0.0,0,23,1,36.073248407643305
1394,1394,0,0,10.477707006369425,1.5,0.0,0,23,1,35.97770700636943
1395,1395,0,0,10.38216560509554,1.5,0.0,0,23,1,35.88216560509554
1396,1396,0,0,10.286624203821653,1.5,0.0,0,23,1,35.78662420382165
1397,1397,0,0,10.191082802547768,1.5,0.0,0,23,1,35.69108280254777
1398,1398,0,0,10.095541401273884,1.5,0.0,0,23,1,35.595541401273884
1399,1399,0,0,9.999999999999996,1.5,0.0,0,23,1,35.5
1400,1400,0,0,10.0,1.5,0.0,0,23,1,35.5
1401,1401,0,0,7.5,1.5,0.0,0,23,1,33.0
1402,1402,0,0,5.0,1.5,0.0,0,23,1,30.5
1403,1403,0,0,2.5,1.5,0.0,0,23,1,28.0
1404,1404,0,0,0.0,1.5,0.0,0,23,1,25.5
1405,1405,0,0,0.0,1.5,0.0,0,23,1,25.5
1406,1406,0,0,0.0,1.5,0.0,0,23,1,25.5
1407,1407,0,0,0.0,1.5,0.0,0,23,1,25.5
1408,1408,0,0,0.0,1.5,0.0,0,23,1,25.5
1409,1409,0,0,0.0,1.5,0.0,0,23,1,25.5
1410,1410,0,0,0.0,1.5,0.0,0,2,1,4.5
1411,1411,0,0,0.0,1.5,0.0,0,2,1,4.5
1412,1412,0,0,0.0,1.5,0.0,0,2,1,4.5
1413,1413,0,0,0.0,1.5,0.0,0,2,1,4.5
1414,1414,0,0,0.0,1.5,0.0,0,2,1,4.5
1415,1415,0,0,0.0,1.5,0.0,0,2,1,4.5
1416,1416,0,0,0.0,1.5,0.0,0,2,1,4.5
1417,1417,0,0,0.0,1.5,0.0,0,2,1,4.5
1418,1418,0,0,0.0,1.5,0.0,0,2,1,4.5
1419,1419,0,0,0.0,1.5,0.0,0,2,1,4.5
1420,1420,0,0,0.0,1.5,0.0,0,2,1,4.5
1421,1421,0,0,0.0,1.5,0.0,0,2,1,4.5
1422,1422,0,0,0.0,1.5,0.0,0,2,1,4.5
1423,1423,0,0,0.0,1.5,0.0,0,2,1,4.5
1424,1424,0,0,0.0,1.5,0.0,0,2,1,4.5
1425,1425,0,0,0.0,1.5,0.0,0,2,1,4.5
1426,1426,0,0,0.0,1.5,0.0,0,2,1,4.5
1427,1427,0,0,0.0,1.5,0.0,0,2,1,4.5
1428,1428,0,0,0.0,1.5,0.0,0,2,1,4.5
1429,1429,0,0,0.0,1.5,0.0,0,2,1,4.5
1430,1430,0,0,0.0,1.5,0.0,0,2,1,4.5
1431,1431,0,0,0.0,1.5,0.0,0,2,1,4.5
1432,1432,0,0,0.0,1.5,0.0,0,2,1,4.5
1433,1433,0,0,0.0,1.5,0.0,0,2,1,4.5
1434,1434,0,0,0.0,1.5,0.0,0,2,1,4.5
1435,1435,0,0,0.0,1.5,0.0,0,2,1,4.5
1436,1436,0,0,0.0,1.5,0.0,0,2,1,4.5
1437,1437,0,0,0.0,1.5,0.0,0,2,1,4.5
1438,1438,0,0,0.0,1.5,0.0,0,2,1,4.5
1439,1439,0,0,0.0,1.5,0.0,0,2,1,4.5
